"","Well","tx","conc","plate","Time","Tx_over_T0","cell_line"
"1","B2","CX","2.5","p1","T0",100,"87"
"2","B2","CX","2.5","p1","T3",83.8984776047561,"87"
"3","B2","CX","2.5","p1","T24",NA,"87"
"4","B2","CX","2.5","p1","T48",NA,"87"
"5","B2","CX","2.5","p1","T96",NA,"87"
"6","B2","CX","2.5","p2","T0",100,"87"
"7","B2","CX","2.5","p2","T3",NA,"87"
"8","B2","CX","2.5","p2","T24",79.9969178433767,"87"
"9","B2","CX","2.5","p2","T48",NA,"87"
"10","B2","CX","2.5","p2","T96",NA,"87"
"11","B2","CX","2.5","p3","T0",100,"87"
"12","B2","CX","2.5","p3","T3",NA,"87"
"13","B2","CX","2.5","p3","T24",NA,"87"
"14","B2","CX","2.5","p3","T48",95.4125927560643,"87"
"15","B2","CX","2.5","p3","T96",NA,"87"
"16","B2","CX","2.5","p4","T0",100,"87"
"17","B2","CX","2.5","p4","T3",NA,"87"
"18","B2","CX","2.5","p4","T24",NA,"87"
"19","B2","CX","2.5","p4","T48",NA,"87"
"20","B2","CX","2.5","p4","T96",69.6738893568589,"87"
"21","B3","CX","0.5","p1","T0",100,"87"
"22","B3","CX","0.5","p1","T3",93.1351469290864,"87"
"23","B3","CX","0.5","p1","T24",NA,"87"
"24","B3","CX","0.5","p1","T48",NA,"87"
"25","B3","CX","0.5","p1","T96",NA,"87"
"26","B3","CX","0.5","p2","T0",100,"87"
"27","B3","CX","0.5","p2","T3",NA,"87"
"28","B3","CX","0.5","p2","T24",74.0836536138223,"87"
"29","B3","CX","0.5","p2","T48",NA,"87"
"30","B3","CX","0.5","p2","T96",NA,"87"
"31","B3","CX","0.5","p3","T0",100,"87"
"32","B3","CX","0.5","p3","T3",NA,"87"
"33","B3","CX","0.5","p3","T24",NA,"87"
"34","B3","CX","0.5","p3","T48",86.8939261921331,"87"
"35","B3","CX","0.5","p3","T96",NA,"87"
"36","B3","CX","0.5","p4","T0",100,"87"
"37","B3","CX","0.5","p4","T3",NA,"87"
"38","B3","CX","0.5","p4","T24",NA,"87"
"39","B3","CX","0.5","p4","T48",NA,"87"
"40","B3","CX","0.5","p4","T96",73.250716549987,"87"
"41","B4","CX","0.1","p1","T0",100,"87"
"42","B4","CX","0.1","p1","T3",89.304934149299,"87"
"43","B4","CX","0.1","p1","T24",NA,"87"
"44","B4","CX","0.1","p1","T48",NA,"87"
"45","B4","CX","0.1","p1","T96",NA,"87"
"46","B4","CX","0.1","p2","T0",100,"87"
"47","B4","CX","0.1","p2","T3",NA,"87"
"48","B4","CX","0.1","p2","T24",81.7987871440695,"87"
"49","B4","CX","0.1","p2","T48",NA,"87"
"50","B4","CX","0.1","p2","T96",NA,"87"
"51","B4","CX","0.1","p3","T0",100,"87"
"52","B4","CX","0.1","p3","T3",NA,"87"
"53","B4","CX","0.1","p3","T24",NA,"87"
"54","B4","CX","0.1","p3","T48",96.748908461561,"87"
"55","B4","CX","0.1","p3","T96",NA,"87"
"56","B4","CX","0.1","p4","T0",100,"87"
"57","B4","CX","0.1","p4","T3",NA,"87"
"58","B4","CX","0.1","p4","T24",NA,"87"
"59","B4","CX","0.1","p4","T48",NA,"87"
"60","B4","CX","0.1","p4","T96",73.8748743988771,"87"
"61","B5","VEH","2.5","p1","T0",100,"87"
"62","B5","VEH","2.5","p1","T3",85.1929458086561,"87"
"63","B5","VEH","2.5","p1","T24",NA,"87"
"64","B5","VEH","2.5","p1","T48",NA,"87"
"65","B5","VEH","2.5","p1","T96",NA,"87"
"66","B5","VEH","2.5","p2","T0",100,"87"
"67","B5","VEH","2.5","p2","T3",NA,"87"
"68","B5","VEH","2.5","p2","T24",80.947749927648,"87"
"69","B5","VEH","2.5","p2","T48",NA,"87"
"70","B5","VEH","2.5","p2","T96",NA,"87"
"71","B5","VEH","2.5","p3","T0",100,"87"
"72","B5","VEH","2.5","p3","T3",NA,"87"
"73","B5","VEH","2.5","p3","T24",NA,"87"
"74","B5","VEH","2.5","p3","T48",106.686050124066,"87"
"75","B5","VEH","2.5","p3","T96",NA,"87"
"76","B5","VEH","2.5","p4","T0",100,"87"
"77","B5","VEH","2.5","p4","T3",NA,"87"
"78","B5","VEH","2.5","p4","T24",NA,"87"
"79","B5","VEH","2.5","p4","T48",NA,"87"
"80","B5","VEH","2.5","p4","T96",77.9561507393993,"87"
"81","B6","VEH","0.5","p1","T0",100,"87"
"82","B6","VEH","0.5","p1","T3",86.4684092892776,"87"
"83","B6","VEH","0.5","p1","T24",NA,"87"
"84","B6","VEH","0.5","p1","T48",NA,"87"
"85","B6","VEH","0.5","p1","T96",NA,"87"
"86","B6","VEH","0.5","p2","T0",100,"87"
"87","B6","VEH","0.5","p2","T3",NA,"87"
"88","B6","VEH","0.5","p2","T24",94.701124962528,"87"
"89","B6","VEH","0.5","p2","T48",NA,"87"
"90","B6","VEH","0.5","p2","T96",NA,"87"
"91","B6","VEH","0.5","p3","T0",100,"87"
"92","B6","VEH","0.5","p3","T3",NA,"87"
"93","B6","VEH","0.5","p3","T24",NA,"87"
"94","B6","VEH","0.5","p3","T48",113.983798776396,"87"
"95","B6","VEH","0.5","p3","T96",NA,"87"
"96","B6","VEH","0.5","p4","T0",100,"87"
"97","B6","VEH","0.5","p4","T3",NA,"87"
"98","B6","VEH","0.5","p4","T24",NA,"87"
"99","B6","VEH","0.5","p4","T48",NA,"87"
"100","B6","VEH","0.5","p4","T96",78.8275722167197,"87"
"101","B7","VEH","0.1","p1","T0",100,"87"
"102","B7","VEH","0.1","p1","T3",95.0831374788433,"87"
"103","B7","VEH","0.1","p1","T24",NA,"87"
"104","B7","VEH","0.1","p1","T48",NA,"87"
"105","B7","VEH","0.1","p1","T96",NA,"87"
"106","B7","VEH","0.1","p2","T0",100,"87"
"107","B7","VEH","0.1","p2","T3",NA,"87"
"108","B7","VEH","0.1","p2","T24",81.7432465361057,"87"
"109","B7","VEH","0.1","p2","T48",NA,"87"
"110","B7","VEH","0.1","p2","T96",NA,"87"
"111","B7","VEH","0.1","p3","T0",100,"87"
"112","B7","VEH","0.1","p3","T3",NA,"87"
"113","B7","VEH","0.1","p3","T24",NA,"87"
"114","B7","VEH","0.1","p3","T48",68.2709382351665,"87"
"115","B7","VEH","0.1","p3","T96",NA,"87"
"116","B7","VEH","0.1","p4","T0",100,"87"
"117","B7","VEH","0.1","p4","T3",NA,"87"
"118","B7","VEH","0.1","p4","T24",NA,"87"
"119","B7","VEH","0.1","p4","T48",NA,"87"
"120","B7","VEH","0.1","p4","T96",61.7266335726777,"87"
"121","B8","DOX","2.5","p1","T0",100,"87"
"122","B8","DOX","2.5","p1","T3",86.6798481230769,"87"
"123","B8","DOX","2.5","p1","T24",NA,"87"
"124","B8","DOX","2.5","p1","T48",NA,"87"
"125","B8","DOX","2.5","p1","T96",NA,"87"
"126","B8","DOX","2.5","p2","T0",100,"87"
"127","B8","DOX","2.5","p2","T3",NA,"87"
"128","B8","DOX","2.5","p2","T24",58.071008945657,"87"
"129","B8","DOX","2.5","p2","T48",NA,"87"
"130","B8","DOX","2.5","p2","T96",NA,"87"
"131","B8","DOX","2.5","p3","T0",100,"87"
"132","B8","DOX","2.5","p3","T3",NA,"87"
"133","B8","DOX","2.5","p3","T24",NA,"87"
"134","B8","DOX","2.5","p3","T48",48.3498779807318,"87"
"135","B8","DOX","2.5","p3","T96",NA,"87"
"136","B8","DOX","2.5","p4","T0",100,"87"
"137","B8","DOX","2.5","p4","T3",NA,"87"
"138","B8","DOX","2.5","p4","T24",NA,"87"
"139","B8","DOX","2.5","p4","T48",NA,"87"
"140","B8","DOX","2.5","p4","T96",17.0459922598171,"87"
"141","B9","DOX","0.5","p1","T0",100,"87"
"142","B9","DOX","0.5","p1","T3",93.6796619907732,"87"
"143","B9","DOX","0.5","p1","T24",NA,"87"
"144","B9","DOX","0.5","p1","T48",NA,"87"
"145","B9","DOX","0.5","p1","T96",NA,"87"
"146","B9","DOX","0.5","p2","T0",100,"87"
"147","B9","DOX","0.5","p2","T3",NA,"87"
"148","B9","DOX","0.5","p2","T24",76.3191676494529,"87"
"149","B9","DOX","0.5","p2","T48",NA,"87"
"150","B9","DOX","0.5","p2","T96",NA,"87"
"151","B9","DOX","0.5","p3","T0",100,"87"
"152","B9","DOX","0.5","p3","T3",NA,"87"
"153","B9","DOX","0.5","p3","T24",NA,"87"
"154","B9","DOX","0.5","p3","T48",54.8833362719775,"87"
"155","B9","DOX","0.5","p3","T96",NA,"87"
"156","B9","DOX","0.5","p4","T0",100,"87"
"157","B9","DOX","0.5","p4","T3",NA,"87"
"158","B9","DOX","0.5","p4","T24",NA,"87"
"159","B9","DOX","0.5","p4","T48",NA,"87"
"160","B9","DOX","0.5","p4","T96",22.1966992680339,"87"
"161","B10","DOX","0.1","p1","T0",100,"87"
"162","B10","DOX","0.1","p1","T3",91.6400571264076,"87"
"163","B10","DOX","0.1","p1","T24",NA,"87"
"164","B10","DOX","0.1","p1","T48",NA,"87"
"165","B10","DOX","0.1","p1","T96",NA,"87"
"166","B10","DOX","0.1","p2","T0",100,"87"
"167","B10","DOX","0.1","p2","T3",NA,"87"
"168","B10","DOX","0.1","p2","T24",86.0241384249232,"87"
"169","B10","DOX","0.1","p2","T48",NA,"87"
"170","B10","DOX","0.1","p2","T96",NA,"87"
"171","B10","DOX","0.1","p3","T0",100,"87"
"172","B10","DOX","0.1","p3","T3",NA,"87"
"173","B10","DOX","0.1","p3","T24",NA,"87"
"174","B10","DOX","0.1","p3","T48",99.1637855556528,"87"
"175","B10","DOX","0.1","p3","T96",NA,"87"
"176","B10","DOX","0.1","p4","T0",100,"87"
"177","B10","DOX","0.1","p4","T3",NA,"87"
"178","B10","DOX","0.1","p4","T24",NA,"87"
"179","B10","DOX","0.1","p4","T48",NA,"87"
"180","B10","DOX","0.1","p4","T96",92.8362357434021,"87"
"181","B11","untx","0","p1","T0",100,"87"
"182","B11","untx","0","p1","T3",82.3323586441528,"87"
"183","B11","untx","0","p1","T24",NA,"87"
"184","B11","untx","0","p1","T48",NA,"87"
"185","B11","untx","0","p1","T96",NA,"87"
"186","B11","untx","0","p2","T0",100,"87"
"187","B11","untx","0","p2","T3",NA,"87"
"188","B11","untx","0","p2","T24",86.3583281034214,"87"
"189","B11","untx","0","p2","T48",NA,"87"
"190","B11","untx","0","p2","T96",NA,"87"
"191","B11","untx","0","p3","T0",100,"87"
"192","B11","untx","0","p3","T3",NA,"87"
"193","B11","untx","0","p3","T24",NA,"87"
"194","B11","untx","0","p3","T48",95.80590359909,"87"
"195","B11","untx","0","p3","T96",NA,"87"
"196","B11","untx","0","p4","T0",100,"87"
"197","B11","untx","0","p4","T3",NA,"87"
"198","B11","untx","0","p4","T24",NA,"87"
"199","B11","untx","0","p4","T48",NA,"87"
"200","B11","untx","0","p4","T96",112.344491355023,"87"
"201","C2","CX","2.5","p1","T0",100,"87"
"202","C2","CX","2.5","p1","T3",111.162317528094,"87"
"203","C2","CX","2.5","p1","T24",NA,"87"
"204","C2","CX","2.5","p1","T48",NA,"87"
"205","C2","CX","2.5","p1","T96",NA,"87"
"206","C2","CX","2.5","p2","T0",100,"87"
"207","C2","CX","2.5","p2","T3",NA,"87"
"208","C2","CX","2.5","p2","T24",88.8753803132137,"87"
"209","C2","CX","2.5","p2","T48",NA,"87"
"210","C2","CX","2.5","p2","T96",NA,"87"
"211","C2","CX","2.5","p3","T0",100,"87"
"212","C2","CX","2.5","p3","T3",NA,"87"
"213","C2","CX","2.5","p3","T24",NA,"87"
"214","C2","CX","2.5","p3","T48",86.9427471530084,"87"
"215","C2","CX","2.5","p3","T96",NA,"87"
"216","C2","CX","2.5","p4","T0",100,"87"
"217","C2","CX","2.5","p4","T3",NA,"87"
"218","C2","CX","2.5","p4","T24",NA,"87"
"219","C2","CX","2.5","p4","T48",NA,"87"
"220","C2","CX","2.5","p4","T96",56.9388889408424,"87"
"221","C3","CX","0.5","p1","T0",100,"87"
"222","C3","CX","0.5","p1","T3",109.77536436714,"87"
"223","C3","CX","0.5","p1","T24",NA,"87"
"224","C3","CX","0.5","p1","T48",NA,"87"
"225","C3","CX","0.5","p1","T96",NA,"87"
"226","C3","CX","0.5","p2","T0",100,"87"
"227","C3","CX","0.5","p2","T3",NA,"87"
"228","C3","CX","0.5","p2","T24",86.5434701769039,"87"
"229","C3","CX","0.5","p2","T48",NA,"87"
"230","C3","CX","0.5","p2","T96",NA,"87"
"231","C3","CX","0.5","p3","T0",100,"87"
"232","C3","CX","0.5","p3","T3",NA,"87"
"233","C3","CX","0.5","p3","T24",NA,"87"
"234","C3","CX","0.5","p3","T48",84.2559205951429,"87"
"235","C3","CX","0.5","p3","T96",NA,"87"
"236","C3","CX","0.5","p4","T0",100,"87"
"237","C3","CX","0.5","p4","T3",NA,"87"
"238","C3","CX","0.5","p4","T24",NA,"87"
"239","C3","CX","0.5","p4","T48",NA,"87"
"240","C3","CX","0.5","p4","T96",64.6622088699124,"87"
"241","C4","CX","0.1","p1","T0",100,"87"
"242","C4","CX","0.1","p1","T3",103.399635568771,"87"
"243","C4","CX","0.1","p1","T24",NA,"87"
"244","C4","CX","0.1","p1","T48",NA,"87"
"245","C4","CX","0.1","p1","T96",NA,"87"
"246","C4","CX","0.1","p2","T0",100,"87"
"247","C4","CX","0.1","p2","T3",NA,"87"
"248","C4","CX","0.1","p2","T24",92.1699159488231,"87"
"249","C4","CX","0.1","p2","T48",NA,"87"
"250","C4","CX","0.1","p2","T96",NA,"87"
"251","C4","CX","0.1","p3","T0",100,"87"
"252","C4","CX","0.1","p3","T3",NA,"87"
"253","C4","CX","0.1","p3","T24",NA,"87"
"254","C4","CX","0.1","p3","T48",104.32883328018,"87"
"255","C4","CX","0.1","p3","T96",NA,"87"
"256","C4","CX","0.1","p4","T0",100,"87"
"257","C4","CX","0.1","p4","T3",NA,"87"
"258","C4","CX","0.1","p4","T24",NA,"87"
"259","C4","CX","0.1","p4","T48",NA,"87"
"260","C4","CX","0.1","p4","T96",65.1453000573072,"87"
"261","C5","VEH","2.5","p1","T0",100,"87"
"262","C5","VEH","2.5","p1","T3",104.794405824572,"87"
"263","C5","VEH","2.5","p1","T24",NA,"87"
"264","C5","VEH","2.5","p1","T48",NA,"87"
"265","C5","VEH","2.5","p1","T96",NA,"87"
"266","C5","VEH","2.5","p2","T0",100,"87"
"267","C5","VEH","2.5","p2","T3",NA,"87"
"268","C5","VEH","2.5","p2","T24",88.630464544495,"87"
"269","C5","VEH","2.5","p2","T48",NA,"87"
"270","C5","VEH","2.5","p2","T96",NA,"87"
"271","C5","VEH","2.5","p3","T0",100,"87"
"272","C5","VEH","2.5","p3","T3",NA,"87"
"273","C5","VEH","2.5","p3","T24",NA,"87"
"274","C5","VEH","2.5","p3","T48",90.4892419033062,"87"
"275","C5","VEH","2.5","p3","T96",NA,"87"
"276","C5","VEH","2.5","p4","T0",100,"87"
"277","C5","VEH","2.5","p4","T3",NA,"87"
"278","C5","VEH","2.5","p4","T24",NA,"87"
"279","C5","VEH","2.5","p4","T48",NA,"87"
"280","C5","VEH","2.5","p4","T96",78.8980497537421,"87"
"281","C6","VEH","0.5","p1","T0",100,"87"
"282","C6","VEH","0.5","p1","T3",99.2348051653345,"87"
"283","C6","VEH","0.5","p1","T24",NA,"87"
"284","C6","VEH","0.5","p1","T48",NA,"87"
"285","C6","VEH","0.5","p1","T96",NA,"87"
"286","C6","VEH","0.5","p2","T0",100,"87"
"287","C6","VEH","0.5","p2","T3",NA,"87"
"288","C6","VEH","0.5","p2","T24",87.2050194478831,"87"
"289","C6","VEH","0.5","p2","T48",NA,"87"
"290","C6","VEH","0.5","p2","T96",NA,"87"
"291","C6","VEH","0.5","p3","T0",100,"87"
"292","C6","VEH","0.5","p3","T3",NA,"87"
"293","C6","VEH","0.5","p3","T24",NA,"87"
"294","C6","VEH","0.5","p3","T48",95.6717339384451,"87"
"295","C6","VEH","0.5","p3","T96",NA,"87"
"296","C6","VEH","0.5","p4","T0",100,"87"
"297","C6","VEH","0.5","p4","T3",NA,"87"
"298","C6","VEH","0.5","p4","T24",NA,"87"
"299","C6","VEH","0.5","p4","T48",NA,"87"
"300","C6","VEH","0.5","p4","T96",117.314144477088,"87"
"301","C7","VEH","0.1","p1","T0",100,"87"
"302","C7","VEH","0.1","p1","T3",90.4764933832277,"87"
"303","C7","VEH","0.1","p1","T24",NA,"87"
"304","C7","VEH","0.1","p1","T48",NA,"87"
"305","C7","VEH","0.1","p1","T96",NA,"87"
"306","C7","VEH","0.1","p2","T0",100,"87"
"307","C7","VEH","0.1","p2","T3",NA,"87"
"308","C7","VEH","0.1","p2","T24",95.5610211588591,"87"
"309","C7","VEH","0.1","p2","T48",NA,"87"
"310","C7","VEH","0.1","p2","T96",NA,"87"
"311","C7","VEH","0.1","p3","T0",NA,"87"
"312","C7","VEH","0.1","p3","T3",NA,"87"
"313","C7","VEH","0.1","p3","T24",NA,"87"
"314","C7","VEH","0.1","p3","T48",NA,"87"
"315","C7","VEH","0.1","p3","T96",NA,"87"
"316","C7","VEH","0.1","p4","T0",100,"87"
"317","C7","VEH","0.1","p4","T3",NA,"87"
"318","C7","VEH","0.1","p4","T24",NA,"87"
"319","C7","VEH","0.1","p4","T48",NA,"87"
"320","C7","VEH","0.1","p4","T96",64.5143716482954,"87"
"321","C8","DOX","2.5","p1","T0",100,"87"
"322","C8","DOX","2.5","p1","T3",100.783045493933,"87"
"323","C8","DOX","2.5","p1","T24",NA,"87"
"324","C8","DOX","2.5","p1","T48",NA,"87"
"325","C8","DOX","2.5","p1","T96",NA,"87"
"326","C8","DOX","2.5","p2","T0",100,"87"
"327","C8","DOX","2.5","p2","T3",NA,"87"
"328","C8","DOX","2.5","p2","T24",80.2745173547244,"87"
"329","C8","DOX","2.5","p2","T48",NA,"87"
"330","C8","DOX","2.5","p2","T96",NA,"87"
"331","C8","DOX","2.5","p3","T0",100,"87"
"332","C8","DOX","2.5","p3","T3",NA,"87"
"333","C8","DOX","2.5","p3","T24",NA,"87"
"334","C8","DOX","2.5","p3","T48",28.9173639241059,"87"
"335","C8","DOX","2.5","p3","T96",NA,"87"
"336","C8","DOX","2.5","p4","T0",100,"87"
"337","C8","DOX","2.5","p4","T3",NA,"87"
"338","C8","DOX","2.5","p4","T24",NA,"87"
"339","C8","DOX","2.5","p4","T48",NA,"87"
"340","C8","DOX","2.5","p4","T96",14.1619569843424,"87"
"341","C9","DOX","0.5","p1","T0",100,"87"
"342","C9","DOX","0.5","p1","T3",91.9476094633727,"87"
"343","C9","DOX","0.5","p1","T24",NA,"87"
"344","C9","DOX","0.5","p1","T48",NA,"87"
"345","C9","DOX","0.5","p1","T96",NA,"87"
"346","C9","DOX","0.5","p2","T0",100,"87"
"347","C9","DOX","0.5","p2","T3",NA,"87"
"348","C9","DOX","0.5","p2","T24",67.1257188034125,"87"
"349","C9","DOX","0.5","p2","T48",NA,"87"
"350","C9","DOX","0.5","p2","T96",NA,"87"
"351","C9","DOX","0.5","p3","T0",100,"87"
"352","C9","DOX","0.5","p3","T3",NA,"87"
"353","C9","DOX","0.5","p3","T24",NA,"87"
"354","C9","DOX","0.5","p3","T48",73.0748501716892,"87"
"355","C9","DOX","0.5","p3","T96",NA,"87"
"356","C9","DOX","0.5","p4","T0",100,"87"
"357","C9","DOX","0.5","p4","T3",NA,"87"
"358","C9","DOX","0.5","p4","T24",NA,"87"
"359","C9","DOX","0.5","p4","T48",NA,"87"
"360","C9","DOX","0.5","p4","T96",19.4470103348583,"87"
"361","C10","DOX","0.1","p1","T0",100,"87"
"362","C10","DOX","0.1","p1","T3",101.080167199628,"87"
"363","C10","DOX","0.1","p1","T24",NA,"87"
"364","C10","DOX","0.1","p1","T48",NA,"87"
"365","C10","DOX","0.1","p1","T96",NA,"87"
"366","C10","DOX","0.1","p2","T0",100,"87"
"367","C10","DOX","0.1","p2","T3",NA,"87"
"368","C10","DOX","0.1","p2","T24",99.6384257114137,"87"
"369","C10","DOX","0.1","p2","T48",NA,"87"
"370","C10","DOX","0.1","p2","T96",NA,"87"
"371","C10","DOX","0.1","p3","T0",100,"87"
"372","C10","DOX","0.1","p3","T3",NA,"87"
"373","C10","DOX","0.1","p3","T24",NA,"87"
"374","C10","DOX","0.1","p3","T48",113.665123820747,"87"
"375","C10","DOX","0.1","p3","T96",NA,"87"
"376","C10","DOX","0.1","p4","T0",100,"87"
"377","C10","DOX","0.1","p4","T3",NA,"87"
"378","C10","DOX","0.1","p4","T24",NA,"87"
"379","C10","DOX","0.1","p4","T48",NA,"87"
"380","C10","DOX","0.1","p4","T96",104.126576171432,"87"
"381","C11","untx","0","p1","T0",100,"87"
"382","C11","untx","0","p1","T3",101.582337293327,"87"
"383","C11","untx","0","p1","T24",NA,"87"
"384","C11","untx","0","p1","T48",NA,"87"
"385","C11","untx","0","p1","T96",NA,"87"
"386","C11","untx","0","p2","T0",100,"87"
"387","C11","untx","0","p2","T3",NA,"87"
"388","C11","untx","0","p2","T24",107.948660451566,"87"
"389","C11","untx","0","p2","T48",NA,"87"
"390","C11","untx","0","p2","T96",NA,"87"
"391","C11","untx","0","p3","T0",100,"87"
"392","C11","untx","0","p3","T3",NA,"87"
"393","C11","untx","0","p3","T24",NA,"87"
"394","C11","untx","0","p3","T48",122.950602003349,"87"
"395","C11","untx","0","p3","T96",NA,"87"
"396","C11","untx","0","p4","T0",100,"87"
"397","C11","untx","0","p4","T3",NA,"87"
"398","C11","untx","0","p4","T24",NA,"87"
"399","C11","untx","0","p4","T48",NA,"87"
"400","C11","untx","0","p4","T96",102.670095389266,"87"
"401","D2","CX","2.5","p1","T0",100,"87"
"402","D2","CX","2.5","p1","T3",93.5970700277066,"87"
"403","D2","CX","2.5","p1","T24",NA,"87"
"404","D2","CX","2.5","p1","T48",NA,"87"
"405","D2","CX","2.5","p1","T96",NA,"87"
"406","D2","CX","2.5","p2","T0",100,"87"
"407","D2","CX","2.5","p2","T3",NA,"87"
"408","D2","CX","2.5","p2","T24",95.3202790685737,"87"
"409","D2","CX","2.5","p2","T48",NA,"87"
"410","D2","CX","2.5","p2","T96",NA,"87"
"411","D2","CX","2.5","p3","T0",100,"87"
"412","D2","CX","2.5","p3","T3",NA,"87"
"413","D2","CX","2.5","p3","T24",NA,"87"
"414","D2","CX","2.5","p3","T48",117.463476812361,"87"
"415","D2","CX","2.5","p3","T96",NA,"87"
"416","D2","CX","2.5","p4","T0",100,"87"
"417","D2","CX","2.5","p4","T3",NA,"87"
"418","D2","CX","2.5","p4","T24",NA,"87"
"419","D2","CX","2.5","p4","T48",NA,"87"
"420","D2","CX","2.5","p4","T96",59.2317240976554,"87"
"421","D3","CX","0.5","p1","T0",100,"87"
"422","D3","CX","0.5","p1","T3",96.4222804934116,"87"
"423","D3","CX","0.5","p1","T24",NA,"87"
"424","D3","CX","0.5","p1","T48",NA,"87"
"425","D3","CX","0.5","p1","T96",NA,"87"
"426","D3","CX","0.5","p2","T0",100,"87"
"427","D3","CX","0.5","p2","T3",NA,"87"
"428","D3","CX","0.5","p2","T24",91.6234545667065,"87"
"429","D3","CX","0.5","p2","T48",NA,"87"
"430","D3","CX","0.5","p2","T96",NA,"87"
"431","D3","CX","0.5","p3","T0",100,"87"
"432","D3","CX","0.5","p3","T3",NA,"87"
"433","D3","CX","0.5","p3","T24",NA,"87"
"434","D3","CX","0.5","p3","T48",113.650803715729,"87"
"435","D3","CX","0.5","p3","T96",NA,"87"
"436","D3","CX","0.5","p4","T0",100,"87"
"437","D3","CX","0.5","p4","T3",NA,"87"
"438","D3","CX","0.5","p4","T24",NA,"87"
"439","D3","CX","0.5","p4","T48",NA,"87"
"440","D3","CX","0.5","p4","T96",63.885258607827,"87"
"441","D4","CX","0.1","p1","T0",100,"87"
"442","D4","CX","0.1","p1","T3",106.128295892348,"87"
"443","D4","CX","0.1","p1","T24",NA,"87"
"444","D4","CX","0.1","p1","T48",NA,"87"
"445","D4","CX","0.1","p1","T96",NA,"87"
"446","D4","CX","0.1","p2","T0",100,"87"
"447","D4","CX","0.1","p2","T3",NA,"87"
"448","D4","CX","0.1","p2","T24",88.2277751397698,"87"
"449","D4","CX","0.1","p2","T48",NA,"87"
"450","D4","CX","0.1","p2","T96",NA,"87"
"451","D4","CX","0.1","p3","T0",100,"87"
"452","D4","CX","0.1","p3","T3",NA,"87"
"453","D4","CX","0.1","p3","T24",NA,"87"
"454","D4","CX","0.1","p3","T48",114.742573225432,"87"
"455","D4","CX","0.1","p3","T96",NA,"87"
"456","D4","CX","0.1","p4","T0",100,"87"
"457","D4","CX","0.1","p4","T3",NA,"87"
"458","D4","CX","0.1","p4","T24",NA,"87"
"459","D4","CX","0.1","p4","T48",NA,"87"
"460","D4","CX","0.1","p4","T96",72.9819071187786,"87"
"461","D5","VEH","2.5","p1","T0",100,"87"
"462","D5","VEH","2.5","p1","T3",89.1061890970737,"87"
"463","D5","VEH","2.5","p1","T24",NA,"87"
"464","D5","VEH","2.5","p1","T48",NA,"87"
"465","D5","VEH","2.5","p1","T96",NA,"87"
"466","D5","VEH","2.5","p2","T0",100,"87"
"467","D5","VEH","2.5","p2","T3",NA,"87"
"468","D5","VEH","2.5","p2","T24",78.931426413836,"87"
"469","D5","VEH","2.5","p2","T48",NA,"87"
"470","D5","VEH","2.5","p2","T96",NA,"87"
"471","D5","VEH","2.5","p3","T0",100,"87"
"472","D5","VEH","2.5","p3","T3",NA,"87"
"473","D5","VEH","2.5","p3","T24",NA,"87"
"474","D5","VEH","2.5","p3","T48",109.432223940461,"87"
"475","D5","VEH","2.5","p3","T96",NA,"87"
"476","D5","VEH","2.5","p4","T0",100,"87"
"477","D5","VEH","2.5","p4","T3",NA,"87"
"478","D5","VEH","2.5","p4","T24",NA,"87"
"479","D5","VEH","2.5","p4","T48",NA,"87"
"480","D5","VEH","2.5","p4","T96",80.981523383822,"87"
"481","D6","VEH","0.5","p1","T0",100,"87"
"482","D6","VEH","0.5","p1","T3",95.6276957741269,"87"
"483","D6","VEH","0.5","p1","T24",NA,"87"
"484","D6","VEH","0.5","p1","T48",NA,"87"
"485","D6","VEH","0.5","p1","T96",NA,"87"
"486","D6","VEH","0.5","p2","T0",100,"87"
"487","D6","VEH","0.5","p2","T3",NA,"87"
"488","D6","VEH","0.5","p2","T24",99.5455029044105,"87"
"489","D6","VEH","0.5","p2","T48",NA,"87"
"490","D6","VEH","0.5","p2","T96",NA,"87"
"491","D6","VEH","0.5","p3","T0",100,"87"
"492","D6","VEH","0.5","p3","T3",NA,"87"
"493","D6","VEH","0.5","p3","T24",NA,"87"
"494","D6","VEH","0.5","p3","T48",108.618483439717,"87"
"495","D6","VEH","0.5","p3","T96",NA,"87"
"496","D6","VEH","0.5","p4","T0",100,"87"
"497","D6","VEH","0.5","p4","T3",NA,"87"
"498","D6","VEH","0.5","p4","T24",NA,"87"
"499","D6","VEH","0.5","p4","T48",NA,"87"
"500","D6","VEH","0.5","p4","T96",71.5821657755037,"87"
"501","D7","VEH","0.1","p1","T0",100,"87"
"502","D7","VEH","0.1","p1","T3",101.794851481367,"87"
"503","D7","VEH","0.1","p1","T24",NA,"87"
"504","D7","VEH","0.1","p1","T48",NA,"87"
"505","D7","VEH","0.1","p1","T96",NA,"87"
"506","D7","VEH","0.1","p2","T0",100,"87"
"507","D7","VEH","0.1","p2","T3",NA,"87"
"508","D7","VEH","0.1","p2","T24",102.81511333251,"87"
"509","D7","VEH","0.1","p2","T48",NA,"87"
"510","D7","VEH","0.1","p2","T96",NA,"87"
"511","D7","VEH","0.1","p3","T0",100,"87"
"512","D7","VEH","0.1","p3","T3",NA,"87"
"513","D7","VEH","0.1","p3","T24",NA,"87"
"514","D7","VEH","0.1","p3","T48",80.1355755059122,"87"
"515","D7","VEH","0.1","p3","T96",NA,"87"
"516","D7","VEH","0.1","p4","T0",100,"87"
"517","D7","VEH","0.1","p4","T3",NA,"87"
"518","D7","VEH","0.1","p4","T24",NA,"87"
"519","D7","VEH","0.1","p4","T48",NA,"87"
"520","D7","VEH","0.1","p4","T96",74.023549364727,"87"
"521","D8","DOX","2.5","p1","T0",100,"87"
"522","D8","DOX","2.5","p1","T3",112.149142303427,"87"
"523","D8","DOX","2.5","p1","T24",NA,"87"
"524","D8","DOX","2.5","p1","T48",NA,"87"
"525","D8","DOX","2.5","p1","T96",NA,"87"
"526","D8","DOX","2.5","p2","T0",100,"87"
"527","D8","DOX","2.5","p2","T3",NA,"87"
"528","D8","DOX","2.5","p2","T24",71.68668145577,"87"
"529","D8","DOX","2.5","p2","T48",NA,"87"
"530","D8","DOX","2.5","p2","T96",NA,"87"
"531","D8","DOX","2.5","p3","T0",100,"87"
"532","D8","DOX","2.5","p3","T3",NA,"87"
"533","D8","DOX","2.5","p3","T24",NA,"87"
"534","D8","DOX","2.5","p3","T48",61.6223483429921,"87"
"535","D8","DOX","2.5","p3","T96",NA,"87"
"536","D8","DOX","2.5","p4","T0",100,"87"
"537","D8","DOX","2.5","p4","T3",NA,"87"
"538","D8","DOX","2.5","p4","T24",NA,"87"
"539","D8","DOX","2.5","p4","T48",NA,"87"
"540","D8","DOX","2.5","p4","T96",18.6031621028617,"87"
"541","D9","DOX","0.5","p1","T0",100,"87"
"542","D9","DOX","0.5","p1","T3",118.023044387581,"87"
"543","D9","DOX","0.5","p1","T24",NA,"87"
"544","D9","DOX","0.5","p1","T48",NA,"87"
"545","D9","DOX","0.5","p1","T96",NA,"87"
"546","D9","DOX","0.5","p2","T0",100,"87"
"547","D9","DOX","0.5","p2","T3",NA,"87"
"548","D9","DOX","0.5","p2","T24",77.5481704901443,"87"
"549","D9","DOX","0.5","p2","T48",NA,"87"
"550","D9","DOX","0.5","p2","T96",NA,"87"
"551","D9","DOX","0.5","p3","T0",100,"87"
"552","D9","DOX","0.5","p3","T3",NA,"87"
"553","D9","DOX","0.5","p3","T24",NA,"87"
"554","D9","DOX","0.5","p3","T48",76.6918809710798,"87"
"555","D9","DOX","0.5","p3","T96",NA,"87"
"556","D9","DOX","0.5","p4","T0",100,"87"
"557","D9","DOX","0.5","p4","T3",NA,"87"
"558","D9","DOX","0.5","p4","T24",NA,"87"
"559","D9","DOX","0.5","p4","T48",NA,"87"
"560","D9","DOX","0.5","p4","T96",20.2851082229806,"87"
"561","D10","DOX","0.1","p1","T0",100,"87"
"562","D10","DOX","0.1","p1","T3",106.239340605463,"87"
"563","D10","DOX","0.1","p1","T24",NA,"87"
"564","D10","DOX","0.1","p1","T48",NA,"87"
"565","D10","DOX","0.1","p1","T96",NA,"87"
"566","D10","DOX","0.1","p2","T0",100,"87"
"567","D10","DOX","0.1","p2","T3",NA,"87"
"568","D10","DOX","0.1","p2","T24",101.530220964037,"87"
"569","D10","DOX","0.1","p2","T48",NA,"87"
"570","D10","DOX","0.1","p2","T96",NA,"87"
"571","D10","DOX","0.1","p3","T0",100,"87"
"572","D10","DOX","0.1","p3","T3",NA,"87"
"573","D10","DOX","0.1","p3","T24",NA,"87"
"574","D10","DOX","0.1","p3","T48",98.0065873504911,"87"
"575","D10","DOX","0.1","p3","T96",NA,"87"
"576","D10","DOX","0.1","p4","T0",100,"87"
"577","D10","DOX","0.1","p4","T3",NA,"87"
"578","D10","DOX","0.1","p4","T24",NA,"87"
"579","D10","DOX","0.1","p4","T48",NA,"87"
"580","D10","DOX","0.1","p4","T96",105.261456095584,"87"
"581","D11","untx","0","p1","T0",100,"87"
"582","D11","untx","0","p1","T3",101.366874461053,"87"
"583","D11","untx","0","p1","T24",NA,"87"
"584","D11","untx","0","p1","T48",NA,"87"
"585","D11","untx","0","p1","T96",NA,"87"
"586","D11","untx","0","p2","T0",100,"87"
"587","D11","untx","0","p2","T3",NA,"87"
"588","D11","untx","0","p2","T24",103.872555488624,"87"
"589","D11","untx","0","p2","T48",NA,"87"
"590","D11","untx","0","p2","T96",NA,"87"
"591","D11","untx","0","p3","T0",100,"87"
"592","D11","untx","0","p3","T3",NA,"87"
"593","D11","untx","0","p3","T24",NA,"87"
"594","D11","untx","0","p3","T48",92.8424728927148,"87"
"595","D11","untx","0","p3","T96",NA,"87"
"596","D11","untx","0","p4","T0",100,"87"
"597","D11","untx","0","p4","T3",NA,"87"
"598","D11","untx","0","p4","T24",NA,"87"
"599","D11","untx","0","p4","T48",NA,"87"
"600","D11","untx","0","p4","T96",92.6395635980365,"87"
"601","E2","CX","2.5","p1","T0",100,"87"
"602","E2","CX","2.5","p1","T3",89.5453779857789,"87"
"603","E2","CX","2.5","p1","T24",NA,"87"
"604","E2","CX","2.5","p1","T48",NA,"87"
"605","E2","CX","2.5","p1","T96",NA,"87"
"606","E2","CX","2.5","p2","T0",100,"87"
"607","E2","CX","2.5","p2","T3",NA,"87"
"608","E2","CX","2.5","p2","T24",75.1168742379401,"87"
"609","E2","CX","2.5","p2","T48",NA,"87"
"610","E2","CX","2.5","p2","T96",NA,"87"
"611","E2","CX","2.5","p3","T0",100,"87"
"612","E2","CX","2.5","p3","T3",NA,"87"
"613","E2","CX","2.5","p3","T24",NA,"87"
"614","E2","CX","2.5","p3","T48",105.866887346733,"87"
"615","E2","CX","2.5","p3","T96",NA,"87"
"616","E2","CX","2.5","p4","T0",100,"87"
"617","E2","CX","2.5","p4","T3",NA,"87"
"618","E2","CX","2.5","p4","T24",NA,"87"
"619","E2","CX","2.5","p4","T48",NA,"87"
"620","E2","CX","2.5","p4","T96",64.0915135373934,"87"
"621","E3","CX","0.5","p1","T0",100,"87"
"622","E3","CX","0.5","p1","T3",83.7709537894715,"87"
"623","E3","CX","0.5","p1","T24",NA,"87"
"624","E3","CX","0.5","p1","T48",NA,"87"
"625","E3","CX","0.5","p1","T96",NA,"87"
"626","E3","CX","0.5","p2","T0",100,"87"
"627","E3","CX","0.5","p2","T3",NA,"87"
"628","E3","CX","0.5","p2","T24",84.0785228432035,"87"
"629","E3","CX","0.5","p2","T48",NA,"87"
"630","E3","CX","0.5","p2","T96",NA,"87"
"631","E3","CX","0.5","p3","T0",100,"87"
"632","E3","CX","0.5","p3","T3",NA,"87"
"633","E3","CX","0.5","p3","T24",NA,"87"
"634","E3","CX","0.5","p3","T48",104.287395300385,"87"
"635","E3","CX","0.5","p3","T96",NA,"87"
"636","E3","CX","0.5","p4","T0",100,"87"
"637","E3","CX","0.5","p4","T3",NA,"87"
"638","E3","CX","0.5","p4","T24",NA,"87"
"639","E3","CX","0.5","p4","T48",NA,"87"
"640","E3","CX","0.5","p4","T96",74.137844112455,"87"
"641","E4","CX","0.1","p1","T0",100,"87"
"642","E4","CX","0.1","p1","T3",88.4670189027309,"87"
"643","E4","CX","0.1","p1","T24",NA,"87"
"644","E4","CX","0.1","p1","T48",NA,"87"
"645","E4","CX","0.1","p1","T96",NA,"87"
"646","E4","CX","0.1","p2","T0",100,"87"
"647","E4","CX","0.1","p2","T3",NA,"87"
"648","E4","CX","0.1","p2","T24",80.9633373413923,"87"
"649","E4","CX","0.1","p2","T48",NA,"87"
"650","E4","CX","0.1","p2","T96",NA,"87"
"651","E4","CX","0.1","p3","T0",100,"87"
"652","E4","CX","0.1","p3","T3",NA,"87"
"653","E4","CX","0.1","p3","T24",NA,"87"
"654","E4","CX","0.1","p3","T48",97.3082810336028,"87"
"655","E4","CX","0.1","p3","T96",NA,"87"
"656","E4","CX","0.1","p4","T0",100,"87"
"657","E4","CX","0.1","p4","T3",NA,"87"
"658","E4","CX","0.1","p4","T24",NA,"87"
"659","E4","CX","0.1","p4","T48",NA,"87"
"660","E4","CX","0.1","p4","T96",81.0965651548954,"87"
"661","E5","VEH","2.5","p1","T0",100,"87"
"662","E5","VEH","2.5","p1","T3",96.9220447859471,"87"
"663","E5","VEH","2.5","p1","T24",NA,"87"
"664","E5","VEH","2.5","p1","T48",NA,"87"
"665","E5","VEH","2.5","p1","T96",NA,"87"
"666","E5","VEH","2.5","p2","T0",100,"87"
"667","E5","VEH","2.5","p2","T3",NA,"87"
"668","E5","VEH","2.5","p2","T24",86.5841907099103,"87"
"669","E5","VEH","2.5","p2","T48",NA,"87"
"670","E5","VEH","2.5","p2","T96",NA,"87"
"671","E5","VEH","2.5","p3","T0",100,"87"
"672","E5","VEH","2.5","p3","T3",NA,"87"
"673","E5","VEH","2.5","p3","T24",NA,"87"
"674","E5","VEH","2.5","p3","T48",97.8212177823267,"87"
"675","E5","VEH","2.5","p3","T96",NA,"87"
"676","E5","VEH","2.5","p4","T0",100,"87"
"677","E5","VEH","2.5","p4","T3",NA,"87"
"678","E5","VEH","2.5","p4","T24",NA,"87"
"679","E5","VEH","2.5","p4","T48",NA,"87"
"680","E5","VEH","2.5","p4","T96",72.5760563330829,"87"
"681","E6","VEH","0.5","p1","T0",100,"87"
"682","E6","VEH","0.5","p1","T3",89.6073623588804,"87"
"683","E6","VEH","0.5","p1","T24",NA,"87"
"684","E6","VEH","0.5","p1","T48",NA,"87"
"685","E6","VEH","0.5","p1","T96",NA,"87"
"686","E6","VEH","0.5","p2","T0",100,"87"
"687","E6","VEH","0.5","p2","T3",NA,"87"
"688","E6","VEH","0.5","p2","T24",92.4748422725536,"87"
"689","E6","VEH","0.5","p2","T48",NA,"87"
"690","E6","VEH","0.5","p2","T96",NA,"87"
"691","E6","VEH","0.5","p3","T0",100,"87"
"692","E6","VEH","0.5","p3","T3",NA,"87"
"693","E6","VEH","0.5","p3","T24",NA,"87"
"694","E6","VEH","0.5","p3","T48",95.8323880031385,"87"
"695","E6","VEH","0.5","p3","T96",NA,"87"
"696","E6","VEH","0.5","p4","T0",100,"87"
"697","E6","VEH","0.5","p4","T3",NA,"87"
"698","E6","VEH","0.5","p4","T24",NA,"87"
"699","E6","VEH","0.5","p4","T48",NA,"87"
"700","E6","VEH","0.5","p4","T96",150.904844778957,"87"
"701","E7","VEH","0.1","p1","T0",100,"87"
"702","E7","VEH","0.1","p1","T3",88.772706922978,"87"
"703","E7","VEH","0.1","p1","T24",NA,"87"
"704","E7","VEH","0.1","p1","T48",NA,"87"
"705","E7","VEH","0.1","p1","T96",NA,"87"
"706","E7","VEH","0.1","p2","T0",100,"87"
"707","E7","VEH","0.1","p2","T3",NA,"87"
"708","E7","VEH","0.1","p2","T24",98.7580473364432,"87"
"709","E7","VEH","0.1","p2","T48",NA,"87"
"710","E7","VEH","0.1","p2","T96",NA,"87"
"711","E7","VEH","0.1","p3","T0",100,"87"
"712","E7","VEH","0.1","p3","T3",NA,"87"
"713","E7","VEH","0.1","p3","T24",NA,"87"
"714","E7","VEH","0.1","p3","T48",75.2689529617058,"87"
"715","E7","VEH","0.1","p3","T96",NA,"87"
"716","E7","VEH","0.1","p4","T0",100,"87"
"717","E7","VEH","0.1","p4","T3",NA,"87"
"718","E7","VEH","0.1","p4","T24",NA,"87"
"719","E7","VEH","0.1","p4","T48",NA,"87"
"720","E7","VEH","0.1","p4","T96",101.205943677287,"87"
"721","E8","DOX","2.5","p1","T0",100,"87"
"722","E8","DOX","2.5","p1","T3",100.983998789763,"87"
"723","E8","DOX","2.5","p1","T24",NA,"87"
"724","E8","DOX","2.5","p1","T48",NA,"87"
"725","E8","DOX","2.5","p1","T96",NA,"87"
"726","E8","DOX","2.5","p2","T0",100,"87"
"727","E8","DOX","2.5","p2","T3",NA,"87"
"728","E8","DOX","2.5","p2","T24",67.9650605970593,"87"
"729","E8","DOX","2.5","p2","T48",NA,"87"
"730","E8","DOX","2.5","p2","T96",NA,"87"
"731","E8","DOX","2.5","p3","T0",100,"87"
"732","E8","DOX","2.5","p3","T3",NA,"87"
"733","E8","DOX","2.5","p3","T24",NA,"87"
"734","E8","DOX","2.5","p3","T48",53.7805004389264,"87"
"735","E8","DOX","2.5","p3","T96",NA,"87"
"736","E8","DOX","2.5","p4","T0",100,"87"
"737","E8","DOX","2.5","p4","T3",NA,"87"
"738","E8","DOX","2.5","p4","T24",NA,"87"
"739","E8","DOX","2.5","p4","T48",NA,"87"
"740","E8","DOX","2.5","p4","T96",21.2071637408846,"87"
"741","E9","DOX","0.5","p1","T0",100,"87"
"742","E9","DOX","0.5","p1","T3",102.5248225979,"87"
"743","E9","DOX","0.5","p1","T24",NA,"87"
"744","E9","DOX","0.5","p1","T48",NA,"87"
"745","E9","DOX","0.5","p1","T96",NA,"87"
"746","E9","DOX","0.5","p2","T0",100,"87"
"747","E9","DOX","0.5","p2","T3",NA,"87"
"748","E9","DOX","0.5","p2","T24",79.137767613659,"87"
"749","E9","DOX","0.5","p2","T48",NA,"87"
"750","E9","DOX","0.5","p2","T96",NA,"87"
"751","E9","DOX","0.5","p3","T0",100,"87"
"752","E9","DOX","0.5","p3","T3",NA,"87"
"753","E9","DOX","0.5","p3","T24",NA,"87"
"754","E9","DOX","0.5","p3","T48",60.9984003387811,"87"
"755","E9","DOX","0.5","p3","T96",NA,"87"
"756","E9","DOX","0.5","p4","T0",100,"87"
"757","E9","DOX","0.5","p4","T3",NA,"87"
"758","E9","DOX","0.5","p4","T24",NA,"87"
"759","E9","DOX","0.5","p4","T48",NA,"87"
"760","E9","DOX","0.5","p4","T96",25.9052283712355,"87"
"761","E10","DOX","0.1","p1","T0",100,"87"
"762","E10","DOX","0.1","p1","T3",157.110484494272,"87"
"763","E10","DOX","0.1","p1","T24",NA,"87"
"764","E10","DOX","0.1","p1","T48",NA,"87"
"765","E10","DOX","0.1","p1","T96",NA,"87"
"766","E10","DOX","0.1","p2","T0",100,"87"
"767","E10","DOX","0.1","p2","T3",NA,"87"
"768","E10","DOX","0.1","p2","T24",86.9184444605175,"87"
"769","E10","DOX","0.1","p2","T48",NA,"87"
"770","E10","DOX","0.1","p2","T96",NA,"87"
"771","E10","DOX","0.1","p3","T0",100,"87"
"772","E10","DOX","0.1","p3","T3",NA,"87"
"773","E10","DOX","0.1","p3","T24",NA,"87"
"774","E10","DOX","0.1","p3","T48",88.7017837284759,"87"
"775","E10","DOX","0.1","p3","T96",NA,"87"
"776","E10","DOX","0.1","p4","T0",100,"87"
"777","E10","DOX","0.1","p4","T3",NA,"87"
"778","E10","DOX","0.1","p4","T24",NA,"87"
"779","E10","DOX","0.1","p4","T48",NA,"87"
"780","E10","DOX","0.1","p4","T96",76.5323069614329,"87"
"781","E11","untx","0","p1","T0",100,"87"
"782","E11","untx","0","p1","T3",114.780502355808,"87"
"783","E11","untx","0","p1","T24",NA,"87"
"784","E11","untx","0","p1","T48",NA,"87"
"785","E11","untx","0","p1","T96",NA,"87"
"786","E11","untx","0","p2","T0",100,"87"
"787","E11","untx","0","p2","T3",NA,"87"
"788","E11","untx","0","p2","T24",101.697618343591,"87"
"789","E11","untx","0","p2","T48",NA,"87"
"790","E11","untx","0","p2","T96",NA,"87"
"791","E11","untx","0","p3","T0",100,"87"
"792","E11","untx","0","p3","T3",NA,"87"
"793","E11","untx","0","p3","T24",NA,"87"
"794","E11","untx","0","p3","T48",75.979826230966,"87"
"795","E11","untx","0","p3","T96",NA,"87"
"796","E11","untx","0","p4","T0",100,"87"
"797","E11","untx","0","p4","T3",NA,"87"
"798","E11","untx","0","p4","T24",NA,"87"
"799","E11","untx","0","p4","T48",NA,"87"
"800","E11","untx","0","p4","T96",75.100740697735,"87"
"801","B2","CX","2.5","p1","T0",100,"75"
"802","B2","CX","2.5","p1","T24",NA,"75"
"803","B2","CX","2.5","p1","T48",NA,"75"
"804","B2","CX","2.5","p2","T0",100,"75"
"805","B2","CX","2.5","p2","T24",118.7479881327,"75"
"806","B2","CX","2.5","p2","T48",NA,"75"
"807","B2","CX","2.5","p3","T0",100,"75"
"808","B2","CX","2.5","p3","T24",NA,"75"
"809","B2","CX","2.5","p3","T48",94.8038745468213,"75"
"810","B3","CX","0.5","p1","T0",100,"75"
"811","B3","CX","0.5","p1","T24",NA,"75"
"812","B3","CX","0.5","p1","T48",NA,"75"
"813","B3","CX","0.5","p2","T0",100,"75"
"814","B3","CX","0.5","p2","T24",131.377015365888,"75"
"815","B3","CX","0.5","p2","T48",NA,"75"
"816","B3","CX","0.5","p3","T0",100,"75"
"817","B3","CX","0.5","p3","T24",NA,"75"
"818","B3","CX","0.5","p3","T48",101.835387706412,"75"
"819","B4","CX","0.1","p1","T0",100,"75"
"820","B4","CX","0.1","p1","T24",NA,"75"
"821","B4","CX","0.1","p1","T48",NA,"75"
"822","B4","CX","0.1","p2","T0",100,"75"
"823","B4","CX","0.1","p2","T24",108.890753648541,"75"
"824","B4","CX","0.1","p2","T48",NA,"75"
"825","B4","CX","0.1","p3","T0",100,"75"
"826","B4","CX","0.1","p3","T24",NA,"75"
"827","B4","CX","0.1","p3","T48",108.565715956731,"75"
"828","B5","VEH","2.5","p1","T0",100,"75"
"829","B5","VEH","2.5","p1","T24",NA,"75"
"830","B5","VEH","2.5","p1","T48",NA,"75"
"831","B5","VEH","2.5","p2","T0",100,"75"
"832","B5","VEH","2.5","p2","T24",117.129030322201,"75"
"833","B5","VEH","2.5","p2","T48",NA,"75"
"834","B5","VEH","2.5","p3","T0",100,"75"
"835","B5","VEH","2.5","p3","T24",NA,"75"
"836","B5","VEH","2.5","p3","T48",103.495074545233,"75"
"837","B6","VEH","0.5","p1","T0",100,"75"
"838","B6","VEH","0.5","p1","T24",NA,"75"
"839","B6","VEH","0.5","p1","T48",NA,"75"
"840","B6","VEH","0.5","p2","T0",100,"75"
"841","B6","VEH","0.5","p2","T24",106.079570022346,"75"
"842","B6","VEH","0.5","p2","T48",NA,"75"
"843","B6","VEH","0.5","p3","T0",100,"75"
"844","B6","VEH","0.5","p3","T24",NA,"75"
"845","B6","VEH","0.5","p3","T48",95.7742711628263,"75"
"846","B7","VEH","0.1","p1","T0",100,"75"
"847","B7","VEH","0.1","p1","T24",NA,"75"
"848","B7","VEH","0.1","p1","T48",NA,"75"
"849","B7","VEH","0.1","p2","T0",100,"75"
"850","B7","VEH","0.1","p2","T24",93.3415266484992,"75"
"851","B7","VEH","0.1","p2","T48",NA,"75"
"852","B7","VEH","0.1","p3","T0",100,"75"
"853","B7","VEH","0.1","p3","T24",NA,"75"
"854","B7","VEH","0.1","p3","T48",82.8963625064978,"75"
"855","B8","DOX","2.5","p1","T0",100,"75"
"856","B8","DOX","2.5","p1","T24",NA,"75"
"857","B8","DOX","2.5","p1","T48",NA,"75"
"858","B8","DOX","2.5","p2","T0",100,"75"
"859","B8","DOX","2.5","p2","T24",73.5415303384583,"75"
"860","B8","DOX","2.5","p2","T48",NA,"75"
"861","B8","DOX","2.5","p3","T0",100,"75"
"862","B8","DOX","2.5","p3","T24",NA,"75"
"863","B8","DOX","2.5","p3","T48",36.067673970071,"75"
"864","B9","DOX","0.5","p1","T0",100,"75"
"865","B9","DOX","0.5","p1","T24",NA,"75"
"866","B9","DOX","0.5","p1","T48",NA,"75"
"867","B9","DOX","0.5","p2","T0",100,"75"
"868","B9","DOX","0.5","p2","T24",84.429643513618,"75"
"869","B9","DOX","0.5","p2","T48",NA,"75"
"870","B9","DOX","0.5","p3","T0",100,"75"
"871","B9","DOX","0.5","p3","T24",NA,"75"
"872","B9","DOX","0.5","p3","T48",41.4308580242919,"75"
"873","B10","DOX","0.1","p1","T0",100,"75"
"874","B10","DOX","0.1","p1","T24",NA,"75"
"875","B10","DOX","0.1","p1","T48",NA,"75"
"876","B10","DOX","0.1","p2","T0",100,"75"
"877","B10","DOX","0.1","p2","T24",100.495187520553,"75"
"878","B10","DOX","0.1","p2","T48",NA,"75"
"879","B10","DOX","0.1","p3","T0",100,"75"
"880","B10","DOX","0.1","p3","T24",NA,"75"
"881","B10","DOX","0.1","p3","T48",106.236916910567,"75"
"882","B11","untx","0","p1","T0",100,"75"
"883","B11","untx","0","p1","T24",NA,"75"
"884","B11","untx","0","p1","T48",NA,"75"
"885","B11","untx","0","p2","T0",100,"75"
"886","B11","untx","0","p2","T24",94.5513300142807,"75"
"887","B11","untx","0","p2","T48",NA,"75"
"888","B11","untx","0","p3","T0",100,"75"
"889","B11","untx","0","p3","T24",NA,"75"
"890","B11","untx","0","p3","T48",119.864097257909,"75"
"891","C2","CX","2.5","p1","T0",100,"75"
"892","C2","CX","2.5","p1","T24",NA,"75"
"893","C2","CX","2.5","p1","T48",NA,"75"
"894","C2","CX","2.5","p2","T0",100,"75"
"895","C2","CX","2.5","p2","T24",115.055630865481,"75"
"896","C2","CX","2.5","p2","T48",NA,"75"
"897","C2","CX","2.5","p3","T0",100,"75"
"898","C2","CX","2.5","p3","T24",NA,"75"
"899","C2","CX","2.5","p3","T48",87.1275874126822,"75"
"900","C3","CX","0.5","p1","T0",100,"75"
"901","C3","CX","0.5","p1","T24",NA,"75"
"902","C3","CX","0.5","p1","T48",NA,"75"
"903","C3","CX","0.5","p2","T0",100,"75"
"904","C3","CX","0.5","p2","T24",121.418487264502,"75"
"905","C3","CX","0.5","p2","T48",NA,"75"
"906","C3","CX","0.5","p3","T0",100,"75"
"907","C3","CX","0.5","p3","T24",NA,"75"
"908","C3","CX","0.5","p3","T48",89.4404140866322,"75"
"909","C4","CX","0.1","p1","T0",100,"75"
"910","C4","CX","0.1","p1","T24",NA,"75"
"911","C4","CX","0.1","p1","T48",NA,"75"
"912","C4","CX","0.1","p2","T0",100,"75"
"913","C4","CX","0.1","p2","T24",118.606085079626,"75"
"914","C4","CX","0.1","p2","T48",NA,"75"
"915","C4","CX","0.1","p3","T0",100,"75"
"916","C4","CX","0.1","p3","T24",NA,"75"
"917","C4","CX","0.1","p3","T48",79.9462285054338,"75"
"918","C5","VEH","2.5","p1","T0",100,"75"
"919","C5","VEH","2.5","p1","T24",NA,"75"
"920","C5","VEH","2.5","p1","T48",NA,"75"
"921","C5","VEH","2.5","p2","T0",100,"75"
"922","C5","VEH","2.5","p2","T24",124.182808822897,"75"
"923","C5","VEH","2.5","p2","T48",NA,"75"
"924","C5","VEH","2.5","p3","T0",100,"75"
"925","C5","VEH","2.5","p3","T24",NA,"75"
"926","C5","VEH","2.5","p3","T48",88.6585492886595,"75"
"927","C6","VEH","0.5","p1","T0",100,"75"
"928","C6","VEH","0.5","p1","T24",NA,"75"
"929","C6","VEH","0.5","p1","T48",NA,"75"
"930","C6","VEH","0.5","p2","T0",100,"75"
"931","C6","VEH","0.5","p2","T24",107.368968513639,"75"
"932","C6","VEH","0.5","p2","T48",NA,"75"
"933","C6","VEH","0.5","p3","T0",100,"75"
"934","C6","VEH","0.5","p3","T24",NA,"75"
"935","C6","VEH","0.5","p3","T48",77.6548987465112,"75"
"936","C7","VEH","0.1","p1","T0",100,"75"
"937","C7","VEH","0.1","p1","T24",NA,"75"
"938","C7","VEH","0.1","p1","T48",NA,"75"
"939","C7","VEH","0.1","p2","T0",100,"75"
"940","C7","VEH","0.1","p2","T24",113.303574532567,"75"
"941","C7","VEH","0.1","p2","T48",NA,"75"
"942","C7","VEH","0.1","p3","T0",100,"75"
"943","C7","VEH","0.1","p3","T24",NA,"75"
"944","C7","VEH","0.1","p3","T48",79.2760529814675,"75"
"945","C8","DOX","2.5","p1","T0",100,"75"
"946","C8","DOX","2.5","p1","T24",NA,"75"
"947","C8","DOX","2.5","p1","T48",NA,"75"
"948","C8","DOX","2.5","p2","T0",100,"75"
"949","C8","DOX","2.5","p2","T24",87.1862207904543,"75"
"950","C8","DOX","2.5","p2","T48",NA,"75"
"951","C8","DOX","2.5","p3","T0",100,"75"
"952","C8","DOX","2.5","p3","T24",NA,"75"
"953","C8","DOX","2.5","p3","T48",26.8169445676715,"75"
"954","C9","DOX","0.5","p1","T0",100,"75"
"955","C9","DOX","0.5","p1","T24",NA,"75"
"956","C9","DOX","0.5","p1","T48",NA,"75"
"957","C9","DOX","0.5","p2","T0",100,"75"
"958","C9","DOX","0.5","p2","T24",104.235201210774,"75"
"959","C9","DOX","0.5","p2","T48",NA,"75"
"960","C9","DOX","0.5","p3","T0",100,"75"
"961","C9","DOX","0.5","p3","T24",NA,"75"
"962","C9","DOX","0.5","p3","T48",36.907556267032,"75"
"963","C10","DOX","0.1","p1","T0",100,"75"
"964","C10","DOX","0.1","p1","T24",NA,"75"
"965","C10","DOX","0.1","p1","T48",NA,"75"
"966","C10","DOX","0.1","p2","T0",100,"75"
"967","C10","DOX","0.1","p2","T24",101.609975768607,"75"
"968","C10","DOX","0.1","p2","T48",NA,"75"
"969","C10","DOX","0.1","p3","T0",100,"75"
"970","C10","DOX","0.1","p3","T24",NA,"75"
"971","C10","DOX","0.1","p3","T48",104.411249389665,"75"
"972","C11","untx","0","p1","T0",100,"75"
"973","C11","untx","0","p1","T24",NA,"75"
"974","C11","untx","0","p1","T48",NA,"75"
"975","C11","untx","0","p2","T0",100,"75"
"976","C11","untx","0","p2","T24",99.9464709195166,"75"
"977","C11","untx","0","p2","T48",NA,"75"
"978","C11","untx","0","p3","T0",100,"75"
"979","C11","untx","0","p3","T24",NA,"75"
"980","C11","untx","0","p3","T48",97.6121136214015,"75"
"981","D2","CX","2.5","p1","T0",100,"75"
"982","D2","CX","2.5","p1","T24",NA,"75"
"983","D2","CX","2.5","p1","T48",NA,"75"
"984","D2","CX","2.5","p2","T0",100,"75"
"985","D2","CX","2.5","p2","T24",88.1750204095544,"75"
"986","D2","CX","2.5","p2","T48",NA,"75"
"987","D2","CX","2.5","p3","T0",100,"75"
"988","D2","CX","2.5","p3","T24",NA,"75"
"989","D2","CX","2.5","p3","T48",81.6519658718052,"75"
"990","D3","CX","0.5","p1","T0",100,"75"
"991","D3","CX","0.5","p1","T24",NA,"75"
"992","D3","CX","0.5","p1","T48",NA,"75"
"993","D3","CX","0.5","p2","T0",100,"75"
"994","D3","CX","0.5","p2","T24",103.703074363505,"75"
"995","D3","CX","0.5","p2","T48",NA,"75"
"996","D3","CX","0.5","p3","T0",100,"75"
"997","D3","CX","0.5","p3","T24",NA,"75"
"998","D3","CX","0.5","p3","T48",78.2030837485799,"75"
"999","D4","CX","0.1","p1","T0",100,"75"
"1000","D4","CX","0.1","p1","T24",NA,"75"
"1001","D4","CX","0.1","p1","T48",NA,"75"
"1002","D4","CX","0.1","p2","T0",100,"75"
"1003","D4","CX","0.1","p2","T24",106.87692194778,"75"
"1004","D4","CX","0.1","p2","T48",NA,"75"
"1005","D4","CX","0.1","p3","T0",100,"75"
"1006","D4","CX","0.1","p3","T24",NA,"75"
"1007","D4","CX","0.1","p3","T48",92.6632593405648,"75"
"1008","D5","VEH","2.5","p1","T0",100,"75"
"1009","D5","VEH","2.5","p1","T24",NA,"75"
"1010","D5","VEH","2.5","p1","T48",NA,"75"
"1011","D5","VEH","2.5","p2","T0",100,"75"
"1012","D5","VEH","2.5","p2","T24",111.386079211666,"75"
"1013","D5","VEH","2.5","p2","T48",NA,"75"
"1014","D5","VEH","2.5","p3","T0",100,"75"
"1015","D5","VEH","2.5","p3","T24",NA,"75"
"1016","D5","VEH","2.5","p3","T48",79.2333685616915,"75"
"1017","D6","VEH","0.5","p1","T0",100,"75"
"1018","D6","VEH","0.5","p1","T24",NA,"75"
"1019","D6","VEH","0.5","p1","T48",NA,"75"
"1020","D6","VEH","0.5","p2","T0",100,"75"
"1021","D6","VEH","0.5","p2","T24",112.720912060023,"75"
"1022","D6","VEH","0.5","p2","T48",NA,"75"
"1023","D6","VEH","0.5","p3","T0",100,"75"
"1024","D6","VEH","0.5","p3","T24",NA,"75"
"1025","D6","VEH","0.5","p3","T48",84.3698498400389,"75"
"1026","D7","VEH","0.1","p1","T0",100,"75"
"1027","D7","VEH","0.1","p1","T24",NA,"75"
"1028","D7","VEH","0.1","p1","T48",NA,"75"
"1029","D7","VEH","0.1","p2","T0",100,"75"
"1030","D7","VEH","0.1","p2","T24",119.744661816207,"75"
"1031","D7","VEH","0.1","p2","T48",NA,"75"
"1032","D7","VEH","0.1","p3","T0",100,"75"
"1033","D7","VEH","0.1","p3","T24",NA,"75"
"1034","D7","VEH","0.1","p3","T48",82.9659610622679,"75"
"1035","D8","DOX","2.5","p1","T0",100,"75"
"1036","D8","DOX","2.5","p1","T24",NA,"75"
"1037","D8","DOX","2.5","p1","T48",NA,"75"
"1038","D8","DOX","2.5","p2","T0",100,"75"
"1039","D8","DOX","2.5","p2","T24",90.3721345551483,"75"
"1040","D8","DOX","2.5","p2","T48",NA,"75"
"1041","D8","DOX","2.5","p3","T0",100,"75"
"1042","D8","DOX","2.5","p3","T24",NA,"75"
"1043","D8","DOX","2.5","p3","T48",29.2808968410957,"75"
"1044","D9","DOX","0.5","p1","T0",100,"75"
"1045","D9","DOX","0.5","p1","T24",NA,"75"
"1046","D9","DOX","0.5","p1","T48",NA,"75"
"1047","D9","DOX","0.5","p2","T0",100,"75"
"1048","D9","DOX","0.5","p2","T24",109.177298662006,"75"
"1049","D9","DOX","0.5","p2","T48",NA,"75"
"1050","D9","DOX","0.5","p3","T0",100,"75"
"1051","D9","DOX","0.5","p3","T24",NA,"75"
"1052","D9","DOX","0.5","p3","T48",32.4798570313749,"75"
"1053","D10","DOX","0.1","p1","T0",100,"75"
"1054","D10","DOX","0.1","p1","T24",NA,"75"
"1055","D10","DOX","0.1","p1","T48",NA,"75"
"1056","D10","DOX","0.1","p2","T0",100,"75"
"1057","D10","DOX","0.1","p2","T24",132.138643601632,"75"
"1058","D10","DOX","0.1","p2","T48",NA,"75"
"1059","D10","DOX","0.1","p3","T0",100,"75"
"1060","D10","DOX","0.1","p3","T24",NA,"75"
"1061","D10","DOX","0.1","p3","T48",93.5945142487656,"75"
"1062","D11","untx","0","p1","T0",100,"75"
"1063","D11","untx","0","p1","T24",NA,"75"
"1064","D11","untx","0","p1","T48",NA,"75"
"1065","D11","untx","0","p2","T0",100,"75"
"1066","D11","untx","0","p2","T24",92.21993356896,"75"
"1067","D11","untx","0","p2","T48",NA,"75"
"1068","D11","untx","0","p3","T0",100,"75"
"1069","D11","untx","0","p3","T24",NA,"75"
"1070","D11","untx","0","p3","T48",89.0544358179127,"75"
"1071","E2","CX","2.5","p1","T0",100,"75"
"1072","E2","CX","2.5","p1","T24",NA,"75"
"1073","E2","CX","2.5","p1","T48",NA,"75"
"1074","E2","CX","2.5","p2","T0",100,"75"
"1075","E2","CX","2.5","p2","T24",79.9525997860119,"75"
"1076","E2","CX","2.5","p2","T48",NA,"75"
"1077","E2","CX","2.5","p3","T0",100,"75"
"1078","E2","CX","2.5","p3","T24",NA,"75"
"1079","E2","CX","2.5","p3","T48",100.09389952884,"75"
"1080","E3","CX","0.5","p1","T0",100,"75"
"1081","E3","CX","0.5","p1","T24",NA,"75"
"1082","E3","CX","0.5","p1","T48",NA,"75"
"1083","E3","CX","0.5","p2","T0",100,"75"
"1084","E3","CX","0.5","p2","T24",59.7339418745901,"75"
"1085","E3","CX","0.5","p2","T48",NA,"75"
"1086","E3","CX","0.5","p3","T0",100,"75"
"1087","E3","CX","0.5","p3","T24",NA,"75"
"1088","E3","CX","0.5","p3","T48",93.3256439510366,"75"
"1089","E4","CX","0.1","p1","T0",100,"75"
"1090","E4","CX","0.1","p1","T24",NA,"75"
"1091","E4","CX","0.1","p1","T48",NA,"75"
"1092","E4","CX","0.1","p2","T0",100,"75"
"1093","E4","CX","0.1","p2","T24",82.1706975993314,"75"
"1094","E4","CX","0.1","p2","T48",NA,"75"
"1095","E4","CX","0.1","p3","T0",100,"75"
"1096","E4","CX","0.1","p3","T24",NA,"75"
"1097","E4","CX","0.1","p3","T48",92.7381707160598,"75"
"1098","E5","VEH","2.5","p1","T0",100,"75"
"1099","E5","VEH","2.5","p1","T24",NA,"75"
"1100","E5","VEH","2.5","p1","T48",NA,"75"
"1101","E5","VEH","2.5","p2","T0",100,"75"
"1102","E5","VEH","2.5","p2","T24",98.4612724031077,"75"
"1103","E5","VEH","2.5","p2","T48",NA,"75"
"1104","E5","VEH","2.5","p3","T0",100,"75"
"1105","E5","VEH","2.5","p3","T24",NA,"75"
"1106","E5","VEH","2.5","p3","T48",102.418855462621,"75"
"1107","E6","VEH","0.5","p1","T0",100,"75"
"1108","E6","VEH","0.5","p1","T24",NA,"75"
"1109","E6","VEH","0.5","p1","T48",NA,"75"
"1110","E6","VEH","0.5","p2","T0",100,"75"
"1111","E6","VEH","0.5","p2","T24",112.687064932984,"75"
"1112","E6","VEH","0.5","p2","T48",NA,"75"
"1113","E6","VEH","0.5","p3","T0",100,"75"
"1114","E6","VEH","0.5","p3","T24",NA,"75"
"1115","E6","VEH","0.5","p3","T48",109.680869294962,"75"
"1116","E7","VEH","0.1","p1","T0",100,"75"
"1117","E7","VEH","0.1","p1","T24",NA,"75"
"1118","E7","VEH","0.1","p1","T48",NA,"75"
"1119","E7","VEH","0.1","p2","T0",100,"75"
"1120","E7","VEH","0.1","p2","T24",136.623901529753,"75"
"1121","E7","VEH","0.1","p2","T48",NA,"75"
"1122","E7","VEH","0.1","p3","T0",100,"75"
"1123","E7","VEH","0.1","p3","T24",NA,"75"
"1124","E7","VEH","0.1","p3","T48",106.095896934396,"75"
"1125","E8","DOX","2.5","p1","T0",100,"75"
"1126","E8","DOX","2.5","p1","T24",NA,"75"
"1127","E8","DOX","2.5","p1","T48",NA,"75"
"1128","E8","DOX","2.5","p2","T0",100,"75"
"1129","E8","DOX","2.5","p2","T24",114.612294312642,"75"
"1130","E8","DOX","2.5","p2","T48",NA,"75"
"1131","E8","DOX","2.5","p3","T0",100,"75"
"1132","E8","DOX","2.5","p3","T24",NA,"75"
"1133","E8","DOX","2.5","p3","T48",42.9397247619502,"75"
"1134","E9","DOX","0.5","p1","T0",100,"75"
"1135","E9","DOX","0.5","p1","T24",NA,"75"
"1136","E9","DOX","0.5","p1","T48",NA,"75"
"1137","E9","DOX","0.5","p2","T0",100,"75"
"1138","E9","DOX","0.5","p2","T24",91.9569536762466,"75"
"1139","E9","DOX","0.5","p2","T48",NA,"75"
"1140","E9","DOX","0.5","p3","T0",100,"75"
"1141","E9","DOX","0.5","p3","T24",NA,"75"
"1142","E9","DOX","0.5","p3","T48",42.6731122618445,"75"
"1143","E10","DOX","0.1","p1","T0",100,"75"
"1144","E10","DOX","0.1","p1","T24",NA,"75"
"1145","E10","DOX","0.1","p1","T48",NA,"75"
"1146","E10","DOX","0.1","p2","T0",100,"75"
"1147","E10","DOX","0.1","p2","T24",99.4020218905238,"75"
"1148","E10","DOX","0.1","p2","T48",NA,"75"
"1149","E10","DOX","0.1","p3","T0",100,"75"
"1150","E10","DOX","0.1","p3","T24",NA,"75"
"1151","E10","DOX","0.1","p3","T48",97.2235029065366,"75"
"1152","E11","untx","0","p1","T0",100,"75"
"1153","E11","untx","0","p1","T24",NA,"75"
"1154","E11","untx","0","p1","T48",NA,"75"
"1155","E11","untx","0","p2","T0",100,"75"
"1156","E11","untx","0","p2","T24",113.379458758724,"75"
"1157","E11","untx","0","p2","T48",NA,"75"
"1158","E11","untx","0","p3","T0",100,"75"
"1159","E11","untx","0","p3","T24",NA,"75"
"1160","E11","untx","0","p3","T48",92.6884608087416,"75"
"1161","B2","CX","2.5","p1","T0",100,"78"
"1162","B2","CX","2.5","p1","T3",82.0377836486536,"78"
"1163","B2","CX","2.5","p1","T24",NA,"78"
"1164","B2","CX","2.5","p1","T48",NA,"78"
"1165","B2","CX","2.5","p1","T96",NA,"78"
"1166","B2","CX","2.5","p2","T0",100,"78"
"1167","B2","CX","2.5","p2","T3",NA,"78"
"1168","B2","CX","2.5","p2","T24",74.2535688648533,"78"
"1169","B2","CX","2.5","p2","T48",NA,"78"
"1170","B2","CX","2.5","p2","T96",NA,"78"
"1171","B2","CX","2.5","p3","T0",100,"78"
"1172","B2","CX","2.5","p3","T3",NA,"78"
"1173","B2","CX","2.5","p3","T24",NA,"78"
"1174","B2","CX","2.5","p3","T48",109.432876763504,"78"
"1175","B2","CX","2.5","p3","T96",NA,"78"
"1176","B2","CX","2.5","p4","T0",100,"78"
"1177","B2","CX","2.5","p4","T3",NA,"78"
"1178","B2","CX","2.5","p4","T24",NA,"78"
"1179","B2","CX","2.5","p4","T48",NA,"78"
"1180","B2","CX","2.5","p4","T96",128.553335247793,"78"
"1181","B3","CX","0.5","p1","T0",100,"78"
"1182","B3","CX","0.5","p1","T3",93.0569471028586,"78"
"1183","B3","CX","0.5","p1","T24",NA,"78"
"1184","B3","CX","0.5","p1","T48",NA,"78"
"1185","B3","CX","0.5","p1","T96",NA,"78"
"1186","B3","CX","0.5","p2","T0",100,"78"
"1187","B3","CX","0.5","p2","T3",NA,"78"
"1188","B3","CX","0.5","p2","T24",86.7488137267583,"78"
"1189","B3","CX","0.5","p2","T48",NA,"78"
"1190","B3","CX","0.5","p2","T96",NA,"78"
"1191","B3","CX","0.5","p3","T0",100,"78"
"1192","B3","CX","0.5","p3","T3",NA,"78"
"1193","B3","CX","0.5","p3","T24",NA,"78"
"1194","B3","CX","0.5","p3","T48",107.007673729308,"78"
"1195","B3","CX","0.5","p3","T96",NA,"78"
"1196","B3","CX","0.5","p4","T0",100,"78"
"1197","B3","CX","0.5","p4","T3",NA,"78"
"1198","B3","CX","0.5","p4","T24",NA,"78"
"1199","B3","CX","0.5","p4","T48",NA,"78"
"1200","B3","CX","0.5","p4","T96",139.331323945335,"78"
"1201","B4","CX","0.1","p1","T0",100,"78"
"1202","B4","CX","0.1","p1","T3",75.3715039600246,"78"
"1203","B4","CX","0.1","p1","T24",NA,"78"
"1204","B4","CX","0.1","p1","T48",NA,"78"
"1205","B4","CX","0.1","p1","T96",NA,"78"
"1206","B4","CX","0.1","p2","T0",100,"78"
"1207","B4","CX","0.1","p2","T3",NA,"78"
"1208","B4","CX","0.1","p2","T24",89.2767171799505,"78"
"1209","B4","CX","0.1","p2","T48",NA,"78"
"1210","B4","CX","0.1","p2","T96",NA,"78"
"1211","B4","CX","0.1","p3","T0",100,"78"
"1212","B4","CX","0.1","p3","T3",NA,"78"
"1213","B4","CX","0.1","p3","T24",NA,"78"
"1214","B4","CX","0.1","p3","T48",131.823544143611,"78"
"1215","B4","CX","0.1","p3","T96",NA,"78"
"1216","B4","CX","0.1","p4","T0",100,"78"
"1217","B4","CX","0.1","p4","T3",NA,"78"
"1218","B4","CX","0.1","p4","T24",NA,"78"
"1219","B4","CX","0.1","p4","T48",NA,"78"
"1220","B4","CX","0.1","p4","T96",136.960422806792,"78"
"1221","B5","VEH","2.5","p1","T0",100,"78"
"1222","B5","VEH","2.5","p1","T3",79.5628872108213,"78"
"1223","B5","VEH","2.5","p1","T24",NA,"78"
"1224","B5","VEH","2.5","p1","T48",NA,"78"
"1225","B5","VEH","2.5","p1","T96",NA,"78"
"1226","B5","VEH","2.5","p2","T0",100,"78"
"1227","B5","VEH","2.5","p2","T3",NA,"78"
"1228","B5","VEH","2.5","p2","T24",80.9510686840653,"78"
"1229","B5","VEH","2.5","p2","T48",NA,"78"
"1230","B5","VEH","2.5","p2","T96",NA,"78"
"1231","B5","VEH","2.5","p3","T0",100,"78"
"1232","B5","VEH","2.5","p3","T3",NA,"78"
"1233","B5","VEH","2.5","p3","T24",NA,"78"
"1234","B5","VEH","2.5","p3","T48",123.908889775987,"78"
"1235","B5","VEH","2.5","p3","T96",NA,"78"
"1236","B5","VEH","2.5","p4","T0",100,"78"
"1237","B5","VEH","2.5","p4","T3",NA,"78"
"1238","B5","VEH","2.5","p4","T24",NA,"78"
"1239","B5","VEH","2.5","p4","T48",NA,"78"
"1240","B5","VEH","2.5","p4","T96",143.678643187202,"78"
"1241","B6","VEH","0.5","p1","T0",100,"78"
"1242","B6","VEH","0.5","p1","T3",75.4257348812464,"78"
"1243","B6","VEH","0.5","p1","T24",NA,"78"
"1244","B6","VEH","0.5","p1","T48",NA,"78"
"1245","B6","VEH","0.5","p1","T96",NA,"78"
"1246","B6","VEH","0.5","p2","T0",100,"78"
"1247","B6","VEH","0.5","p2","T3",NA,"78"
"1248","B6","VEH","0.5","p2","T24",91.5064121125133,"78"
"1249","B6","VEH","0.5","p2","T48",NA,"78"
"1250","B6","VEH","0.5","p2","T96",NA,"78"
"1251","B6","VEH","0.5","p3","T0",100,"78"
"1252","B6","VEH","0.5","p3","T3",NA,"78"
"1253","B6","VEH","0.5","p3","T24",NA,"78"
"1254","B6","VEH","0.5","p3","T48",105.510056802718,"78"
"1255","B6","VEH","0.5","p3","T96",NA,"78"
"1256","B6","VEH","0.5","p4","T0",100,"78"
"1257","B6","VEH","0.5","p4","T3",NA,"78"
"1258","B6","VEH","0.5","p4","T24",NA,"78"
"1259","B6","VEH","0.5","p4","T48",NA,"78"
"1260","B6","VEH","0.5","p4","T96",114.18717478341,"78"
"1261","B7","VEH","0.1","p1","T0",100,"78"
"1262","B7","VEH","0.1","p1","T3",90.3434949358504,"78"
"1263","B7","VEH","0.1","p1","T24",NA,"78"
"1264","B7","VEH","0.1","p1","T48",NA,"78"
"1265","B7","VEH","0.1","p1","T96",NA,"78"
"1266","B7","VEH","0.1","p2","T0",100,"78"
"1267","B7","VEH","0.1","p2","T3",NA,"78"
"1268","B7","VEH","0.1","p2","T24",84.7231968015989,"78"
"1269","B7","VEH","0.1","p2","T48",NA,"78"
"1270","B7","VEH","0.1","p2","T96",NA,"78"
"1271","B7","VEH","0.1","p3","T0",100,"78"
"1272","B7","VEH","0.1","p3","T3",NA,"78"
"1273","B7","VEH","0.1","p3","T24",NA,"78"
"1274","B7","VEH","0.1","p3","T48",108.409786386997,"78"
"1275","B7","VEH","0.1","p3","T96",NA,"78"
"1276","B7","VEH","0.1","p4","T0",100,"78"
"1277","B7","VEH","0.1","p4","T3",NA,"78"
"1278","B7","VEH","0.1","p4","T24",NA,"78"
"1279","B7","VEH","0.1","p4","T48",NA,"78"
"1280","B7","VEH","0.1","p4","T96",125.764289207541,"78"
"1281","B8","DOX","2.5","p1","T0",100,"78"
"1282","B8","DOX","2.5","p1","T3",83.8783410770365,"78"
"1283","B8","DOX","2.5","p1","T24",NA,"78"
"1284","B8","DOX","2.5","p1","T48",NA,"78"
"1285","B8","DOX","2.5","p1","T96",NA,"78"
"1286","B8","DOX","2.5","p2","T0",100,"78"
"1287","B8","DOX","2.5","p2","T3",NA,"78"
"1288","B8","DOX","2.5","p2","T24",74.3755149366256,"78"
"1289","B8","DOX","2.5","p2","T48",NA,"78"
"1290","B8","DOX","2.5","p2","T96",NA,"78"
"1291","B8","DOX","2.5","p3","T0",100,"78"
"1292","B8","DOX","2.5","p3","T3",NA,"78"
"1293","B8","DOX","2.5","p3","T24",NA,"78"
"1294","B8","DOX","2.5","p3","T48",70.7550316495468,"78"
"1295","B8","DOX","2.5","p3","T96",NA,"78"
"1296","B8","DOX","2.5","p4","T0",100,"78"
"1297","B8","DOX","2.5","p4","T3",NA,"78"
"1298","B8","DOX","2.5","p4","T24",NA,"78"
"1299","B8","DOX","2.5","p4","T48",NA,"78"
"1300","B8","DOX","2.5","p4","T96",41.6811249769198,"78"
"1301","B9","DOX","0.5","p1","T0",100,"78"
"1302","B9","DOX","0.5","p1","T3",79.2120128556795,"78"
"1303","B9","DOX","0.5","p1","T24",NA,"78"
"1304","B9","DOX","0.5","p1","T48",NA,"78"
"1305","B9","DOX","0.5","p1","T96",NA,"78"
"1306","B9","DOX","0.5","p2","T0",100,"78"
"1307","B9","DOX","0.5","p2","T3",NA,"78"
"1308","B9","DOX","0.5","p2","T24",71.6797654175501,"78"
"1309","B9","DOX","0.5","p2","T48",NA,"78"
"1310","B9","DOX","0.5","p2","T96",NA,"78"
"1311","B9","DOX","0.5","p3","T0",100,"78"
"1312","B9","DOX","0.5","p3","T3",NA,"78"
"1313","B9","DOX","0.5","p3","T24",NA,"78"
"1314","B9","DOX","0.5","p3","T48",70.2506773581354,"78"
"1315","B9","DOX","0.5","p3","T96",NA,"78"
"1316","B9","DOX","0.5","p4","T0",100,"78"
"1317","B9","DOX","0.5","p4","T3",NA,"78"
"1318","B9","DOX","0.5","p4","T24",NA,"78"
"1319","B9","DOX","0.5","p4","T48",NA,"78"
"1320","B9","DOX","0.5","p4","T96",32.7656515503904,"78"
"1321","B10","DOX","0.1","p1","T0",100,"78"
"1322","B10","DOX","0.1","p1","T3",102.594509840156,"78"
"1323","B10","DOX","0.1","p1","T24",NA,"78"
"1324","B10","DOX","0.1","p1","T48",NA,"78"
"1325","B10","DOX","0.1","p1","T96",NA,"78"
"1326","B10","DOX","0.1","p2","T0",100,"78"
"1327","B10","DOX","0.1","p2","T3",NA,"78"
"1328","B10","DOX","0.1","p2","T24",113.363775969405,"78"
"1329","B10","DOX","0.1","p2","T48",NA,"78"
"1330","B10","DOX","0.1","p2","T96",NA,"78"
"1331","B10","DOX","0.1","p3","T0",100,"78"
"1332","B10","DOX","0.1","p3","T3",NA,"78"
"1333","B10","DOX","0.1","p3","T24",NA,"78"
"1334","B10","DOX","0.1","p3","T48",113.235245531783,"78"
"1335","B10","DOX","0.1","p3","T96",NA,"78"
"1336","B10","DOX","0.1","p4","T0",100,"78"
"1337","B10","DOX","0.1","p4","T3",NA,"78"
"1338","B10","DOX","0.1","p4","T24",NA,"78"
"1339","B10","DOX","0.1","p4","T48",NA,"78"
"1340","B10","DOX","0.1","p4","T96",100.983271931914,"78"
"1341","B11","untx","0","p1","T0",100,"78"
"1342","B11","untx","0","p1","T3",97.0148026958605,"78"
"1343","B11","untx","0","p1","T24",NA,"78"
"1344","B11","untx","0","p1","T48",NA,"78"
"1345","B11","untx","0","p1","T96",NA,"78"
"1346","B11","untx","0","p2","T0",100,"78"
"1347","B11","untx","0","p2","T3",NA,"78"
"1348","B11","untx","0","p2","T24",106.524297140781,"78"
"1349","B11","untx","0","p2","T48",NA,"78"
"1350","B11","untx","0","p2","T96",NA,"78"
"1351","B11","untx","0","p3","T0",100,"78"
"1352","B11","untx","0","p3","T3",NA,"78"
"1353","B11","untx","0","p3","T24",NA,"78"
"1354","B11","untx","0","p3","T48",97.291681368422,"78"
"1355","B11","untx","0","p3","T96",NA,"78"
"1356","B11","untx","0","p4","T0",100,"78"
"1357","B11","untx","0","p4","T3",NA,"78"
"1358","B11","untx","0","p4","T24",NA,"78"
"1359","B11","untx","0","p4","T48",NA,"78"
"1360","B11","untx","0","p4","T96",87.7673026526899,"78"
"1361","C2","CX","2.5","p1","T0",100,"78"
"1362","C2","CX","2.5","p1","T3",93.5643593594776,"78"
"1363","C2","CX","2.5","p1","T24",NA,"78"
"1364","C2","CX","2.5","p1","T48",NA,"78"
"1365","C2","CX","2.5","p1","T96",NA,"78"
"1366","C2","CX","2.5","p2","T0",100,"78"
"1367","C2","CX","2.5","p2","T3",NA,"78"
"1368","C2","CX","2.5","p2","T24",93.8615024713849,"78"
"1369","C2","CX","2.5","p2","T48",NA,"78"
"1370","C2","CX","2.5","p2","T96",NA,"78"
"1371","C2","CX","2.5","p3","T0",100,"78"
"1372","C2","CX","2.5","p3","T3",NA,"78"
"1373","C2","CX","2.5","p3","T24",NA,"78"
"1374","C2","CX","2.5","p3","T48",103.25481293718,"78"
"1375","C2","CX","2.5","p3","T96",NA,"78"
"1376","C2","CX","2.5","p4","T0",100,"78"
"1377","C2","CX","2.5","p4","T3",NA,"78"
"1378","C2","CX","2.5","p4","T24",NA,"78"
"1379","C2","CX","2.5","p4","T48",NA,"78"
"1380","C2","CX","2.5","p4","T96",114.66133127514,"78"
"1381","C3","CX","0.5","p1","T0",100,"78"
"1382","C3","CX","0.5","p1","T3",106.426151466313,"78"
"1383","C3","CX","0.5","p1","T24",NA,"78"
"1384","C3","CX","0.5","p1","T48",NA,"78"
"1385","C3","CX","0.5","p1","T96",NA,"78"
"1386","C3","CX","0.5","p2","T0",100,"78"
"1387","C3","CX","0.5","p2","T3",NA,"78"
"1388","C3","CX","0.5","p2","T24",85.7671292613142,"78"
"1389","C3","CX","0.5","p2","T48",NA,"78"
"1390","C3","CX","0.5","p2","T96",NA,"78"
"1391","C3","CX","0.5","p3","T0",100,"78"
"1392","C3","CX","0.5","p3","T3",NA,"78"
"1393","C3","CX","0.5","p3","T24",NA,"78"
"1394","C3","CX","0.5","p3","T48",126.725082927667,"78"
"1395","C3","CX","0.5","p3","T96",NA,"78"
"1396","C3","CX","0.5","p4","T0",100,"78"
"1397","C3","CX","0.5","p4","T3",NA,"78"
"1398","C3","CX","0.5","p4","T24",NA,"78"
"1399","C3","CX","0.5","p4","T48",NA,"78"
"1400","C3","CX","0.5","p4","T96",120.051123014078,"78"
"1401","C4","CX","0.1","p1","T0",100,"78"
"1402","C4","CX","0.1","p1","T3",85.13076810935,"78"
"1403","C4","CX","0.1","p1","T24",NA,"78"
"1404","C4","CX","0.1","p1","T48",NA,"78"
"1405","C4","CX","0.1","p1","T96",NA,"78"
"1406","C4","CX","0.1","p2","T0",100,"78"
"1407","C4","CX","0.1","p2","T3",NA,"78"
"1408","C4","CX","0.1","p2","T24",109.021258608761,"78"
"1409","C4","CX","0.1","p2","T48",NA,"78"
"1410","C4","CX","0.1","p2","T96",NA,"78"
"1411","C4","CX","0.1","p3","T0",100,"78"
"1412","C4","CX","0.1","p3","T3",NA,"78"
"1413","C4","CX","0.1","p3","T24",NA,"78"
"1414","C4","CX","0.1","p3","T48",121.659808240675,"78"
"1415","C4","CX","0.1","p3","T96",NA,"78"
"1416","C4","CX","0.1","p4","T0",100,"78"
"1417","C4","CX","0.1","p4","T3",NA,"78"
"1418","C4","CX","0.1","p4","T24",NA,"78"
"1419","C4","CX","0.1","p4","T48",NA,"78"
"1420","C4","CX","0.1","p4","T96",135.581703407425,"78"
"1421","C5","VEH","2.5","p1","T0",100,"78"
"1422","C5","VEH","2.5","p1","T3",95.4508041820762,"78"
"1423","C5","VEH","2.5","p1","T24",NA,"78"
"1424","C5","VEH","2.5","p1","T48",NA,"78"
"1425","C5","VEH","2.5","p1","T96",NA,"78"
"1426","C5","VEH","2.5","p2","T0",100,"78"
"1427","C5","VEH","2.5","p2","T3",NA,"78"
"1428","C5","VEH","2.5","p2","T24",92.8771591752017,"78"
"1429","C5","VEH","2.5","p2","T48",NA,"78"
"1430","C5","VEH","2.5","p2","T96",NA,"78"
"1431","C5","VEH","2.5","p3","T0",100,"78"
"1432","C5","VEH","2.5","p3","T3",NA,"78"
"1433","C5","VEH","2.5","p3","T24",NA,"78"
"1434","C5","VEH","2.5","p3","T48",107.02613099486,"78"
"1435","C5","VEH","2.5","p3","T96",NA,"78"
"1436","C5","VEH","2.5","p4","T0",100,"78"
"1437","C5","VEH","2.5","p4","T3",NA,"78"
"1438","C5","VEH","2.5","p4","T24",NA,"78"
"1439","C5","VEH","2.5","p4","T48",NA,"78"
"1440","C5","VEH","2.5","p4","T96",125.933200749164,"78"
"1441","C6","VEH","0.5","p1","T0",100,"78"
"1442","C6","VEH","0.5","p1","T3",96.2055021687974,"78"
"1443","C6","VEH","0.5","p1","T24",NA,"78"
"1444","C6","VEH","0.5","p1","T48",NA,"78"
"1445","C6","VEH","0.5","p1","T96",NA,"78"
"1446","C6","VEH","0.5","p2","T0",100,"78"
"1447","C6","VEH","0.5","p2","T3",NA,"78"
"1448","C6","VEH","0.5","p2","T24",105.687458621911,"78"
"1449","C6","VEH","0.5","p2","T48",NA,"78"
"1450","C6","VEH","0.5","p2","T96",NA,"78"
"1451","C6","VEH","0.5","p3","T0",100,"78"
"1452","C6","VEH","0.5","p3","T3",NA,"78"
"1453","C6","VEH","0.5","p3","T24",NA,"78"
"1454","C6","VEH","0.5","p3","T48",107.869774434929,"78"
"1455","C6","VEH","0.5","p3","T96",NA,"78"
"1456","C6","VEH","0.5","p4","T0",100,"78"
"1457","C6","VEH","0.5","p4","T3",NA,"78"
"1458","C6","VEH","0.5","p4","T24",NA,"78"
"1459","C6","VEH","0.5","p4","T48",NA,"78"
"1460","C6","VEH","0.5","p4","T96",111.91911175905,"78"
"1461","C7","VEH","0.1","p1","T0",100,"78"
"1462","C7","VEH","0.1","p1","T3",94.3535770863936,"78"
"1463","C7","VEH","0.1","p1","T24",NA,"78"
"1464","C7","VEH","0.1","p1","T48",NA,"78"
"1465","C7","VEH","0.1","p1","T96",NA,"78"
"1466","C7","VEH","0.1","p2","T0",100,"78"
"1467","C7","VEH","0.1","p2","T3",NA,"78"
"1468","C7","VEH","0.1","p2","T24",96.3355793100697,"78"
"1469","C7","VEH","0.1","p2","T48",NA,"78"
"1470","C7","VEH","0.1","p2","T96",NA,"78"
"1471","C7","VEH","0.1","p3","T0",100,"78"
"1472","C7","VEH","0.1","p3","T3",NA,"78"
"1473","C7","VEH","0.1","p3","T24",NA,"78"
"1474","C7","VEH","0.1","p3","T48",96.055614218325,"78"
"1475","C7","VEH","0.1","p3","T96",NA,"78"
"1476","C7","VEH","0.1","p4","T0",100,"78"
"1477","C7","VEH","0.1","p4","T3",NA,"78"
"1478","C7","VEH","0.1","p4","T24",NA,"78"
"1479","C7","VEH","0.1","p4","T48",NA,"78"
"1480","C7","VEH","0.1","p4","T96",125.341445983991,"78"
"1481","C8","DOX","2.5","p1","T0",100,"78"
"1482","C8","DOX","2.5","p1","T3",90.5117953325698,"78"
"1483","C8","DOX","2.5","p1","T24",NA,"78"
"1484","C8","DOX","2.5","p1","T48",NA,"78"
"1485","C8","DOX","2.5","p1","T96",NA,"78"
"1486","C8","DOX","2.5","p2","T0",100,"78"
"1487","C8","DOX","2.5","p2","T3",NA,"78"
"1488","C8","DOX","2.5","p2","T24",75.3223261191375,"78"
"1489","C8","DOX","2.5","p2","T48",NA,"78"
"1490","C8","DOX","2.5","p2","T96",NA,"78"
"1491","C8","DOX","2.5","p3","T0",100,"78"
"1492","C8","DOX","2.5","p3","T3",NA,"78"
"1493","C8","DOX","2.5","p3","T24",NA,"78"
"1494","C8","DOX","2.5","p3","T48",63.2405712242263,"78"
"1495","C8","DOX","2.5","p3","T96",NA,"78"
"1496","C8","DOX","2.5","p4","T0",100,"78"
"1497","C8","DOX","2.5","p4","T3",NA,"78"
"1498","C8","DOX","2.5","p4","T24",NA,"78"
"1499","C8","DOX","2.5","p4","T48",NA,"78"
"1500","C8","DOX","2.5","p4","T96",47.2820060686486,"78"
"1501","C9","DOX","0.5","p1","T0",100,"78"
"1502","C9","DOX","0.5","p1","T3",88.5571889693298,"78"
"1503","C9","DOX","0.5","p1","T24",NA,"78"
"1504","C9","DOX","0.5","p1","T48",NA,"78"
"1505","C9","DOX","0.5","p1","T96",NA,"78"
"1506","C9","DOX","0.5","p2","T0",100,"78"
"1507","C9","DOX","0.5","p2","T3",NA,"78"
"1508","C9","DOX","0.5","p2","T24",71.5869732651611,"78"
"1509","C9","DOX","0.5","p2","T48",NA,"78"
"1510","C9","DOX","0.5","p2","T96",NA,"78"
"1511","C9","DOX","0.5","p3","T0",100,"78"
"1512","C9","DOX","0.5","p3","T3",NA,"78"
"1513","C9","DOX","0.5","p3","T24",NA,"78"
"1514","C9","DOX","0.5","p3","T48",68.0307460488879,"78"
"1515","C9","DOX","0.5","p3","T96",NA,"78"
"1516","C9","DOX","0.5","p4","T0",100,"78"
"1517","C9","DOX","0.5","p4","T3",NA,"78"
"1518","C9","DOX","0.5","p4","T24",NA,"78"
"1519","C9","DOX","0.5","p4","T48",NA,"78"
"1520","C9","DOX","0.5","p4","T96",47.7792894213329,"78"
"1521","C10","DOX","0.1","p1","T0",100,"78"
"1522","C10","DOX","0.1","p1","T3",96.5926830500351,"78"
"1523","C10","DOX","0.1","p1","T24",NA,"78"
"1524","C10","DOX","0.1","p1","T48",NA,"78"
"1525","C10","DOX","0.1","p1","T96",NA,"78"
"1526","C10","DOX","0.1","p2","T0",100,"78"
"1527","C10","DOX","0.1","p2","T3",NA,"78"
"1528","C10","DOX","0.1","p2","T24",99.6533098883569,"78"
"1529","C10","DOX","0.1","p2","T48",NA,"78"
"1530","C10","DOX","0.1","p2","T96",NA,"78"
"1531","C10","DOX","0.1","p3","T0",100,"78"
"1532","C10","DOX","0.1","p3","T3",NA,"78"
"1533","C10","DOX","0.1","p3","T24",NA,"78"
"1534","C10","DOX","0.1","p3","T48",109.539228811667,"78"
"1535","C10","DOX","0.1","p3","T96",NA,"78"
"1536","C10","DOX","0.1","p4","T0",100,"78"
"1537","C10","DOX","0.1","p4","T3",NA,"78"
"1538","C10","DOX","0.1","p4","T24",NA,"78"
"1539","C10","DOX","0.1","p4","T48",NA,"78"
"1540","C10","DOX","0.1","p4","T96",116.066149191818,"78"
"1541","C11","untx","0","p1","T0",100,"78"
"1542","C11","untx","0","p1","T3",105.062540575134,"78"
"1543","C11","untx","0","p1","T24",NA,"78"
"1544","C11","untx","0","p1","T48",NA,"78"
"1545","C11","untx","0","p1","T96",NA,"78"
"1546","C11","untx","0","p2","T0",100,"78"
"1547","C11","untx","0","p2","T3",NA,"78"
"1548","C11","untx","0","p2","T24",90.1888428810008,"78"
"1549","C11","untx","0","p2","T48",NA,"78"
"1550","C11","untx","0","p2","T96",NA,"78"
"1551","C11","untx","0","p3","T0",100,"78"
"1552","C11","untx","0","p3","T3",NA,"78"
"1553","C11","untx","0","p3","T24",NA,"78"
"1554","C11","untx","0","p3","T48",99.8689129081936,"78"
"1555","C11","untx","0","p3","T96",NA,"78"
"1556","C11","untx","0","p4","T0",100,"78"
"1557","C11","untx","0","p4","T3",NA,"78"
"1558","C11","untx","0","p4","T24",NA,"78"
"1559","C11","untx","0","p4","T48",NA,"78"
"1560","C11","untx","0","p4","T96",107.855630026233,"78"
"1561","D2","CX","2.5","p1","T0",100,"78"
"1562","D2","CX","2.5","p1","T3",96.9028461669308,"78"
"1563","D2","CX","2.5","p1","T24",NA,"78"
"1564","D2","CX","2.5","p1","T48",NA,"78"
"1565","D2","CX","2.5","p1","T96",NA,"78"
"1566","D2","CX","2.5","p2","T0",100,"78"
"1567","D2","CX","2.5","p2","T3",NA,"78"
"1568","D2","CX","2.5","p2","T24",86.434095261351,"78"
"1569","D2","CX","2.5","p2","T48",NA,"78"
"1570","D2","CX","2.5","p2","T96",NA,"78"
"1571","D2","CX","2.5","p3","T0",100,"78"
"1572","D2","CX","2.5","p3","T3",NA,"78"
"1573","D2","CX","2.5","p3","T24",NA,"78"
"1574","D2","CX","2.5","p3","T48",112.787679410078,"78"
"1575","D2","CX","2.5","p3","T96",NA,"78"
"1576","D2","CX","2.5","p4","T0",100,"78"
"1577","D2","CX","2.5","p4","T3",NA,"78"
"1578","D2","CX","2.5","p4","T24",NA,"78"
"1579","D2","CX","2.5","p4","T48",NA,"78"
"1580","D2","CX","2.5","p4","T96",130.762487998688,"78"
"1581","D3","CX","0.5","p1","T0",100,"78"
"1582","D3","CX","0.5","p1","T3",102.291144996941,"78"
"1583","D3","CX","0.5","p1","T24",NA,"78"
"1584","D3","CX","0.5","p1","T48",NA,"78"
"1585","D3","CX","0.5","p1","T96",NA,"78"
"1586","D3","CX","0.5","p2","T0",100,"78"
"1587","D3","CX","0.5","p2","T3",NA,"78"
"1588","D3","CX","0.5","p2","T24",88.9545193122701,"78"
"1589","D3","CX","0.5","p2","T48",NA,"78"
"1590","D3","CX","0.5","p2","T96",NA,"78"
"1591","D3","CX","0.5","p3","T0",100,"78"
"1592","D3","CX","0.5","p3","T3",NA,"78"
"1593","D3","CX","0.5","p3","T24",NA,"78"
"1594","D3","CX","0.5","p3","T48",124.930121228699,"78"
"1595","D3","CX","0.5","p3","T96",NA,"78"
"1596","D3","CX","0.5","p4","T0",100,"78"
"1597","D3","CX","0.5","p4","T3",NA,"78"
"1598","D3","CX","0.5","p4","T24",NA,"78"
"1599","D3","CX","0.5","p4","T48",NA,"78"
"1600","D3","CX","0.5","p4","T96",118.667013885303,"78"
"1601","D4","CX","0.1","p1","T0",100,"78"
"1602","D4","CX","0.1","p1","T3",80.3692880432656,"78"
"1603","D4","CX","0.1","p1","T24",NA,"78"
"1604","D4","CX","0.1","p1","T48",NA,"78"
"1605","D4","CX","0.1","p1","T96",NA,"78"
"1606","D4","CX","0.1","p2","T0",100,"78"
"1607","D4","CX","0.1","p2","T3",NA,"78"
"1608","D4","CX","0.1","p2","T24",84.3068334201898,"78"
"1609","D4","CX","0.1","p2","T48",NA,"78"
"1610","D4","CX","0.1","p2","T96",NA,"78"
"1611","D4","CX","0.1","p3","T0",100,"78"
"1612","D4","CX","0.1","p3","T3",NA,"78"
"1613","D4","CX","0.1","p3","T24",NA,"78"
"1614","D4","CX","0.1","p3","T48",112.796437747694,"78"
"1615","D4","CX","0.1","p3","T96",NA,"78"
"1616","D4","CX","0.1","p4","T0",100,"78"
"1617","D4","CX","0.1","p4","T3",NA,"78"
"1618","D4","CX","0.1","p4","T24",NA,"78"
"1619","D4","CX","0.1","p4","T48",NA,"78"
"1620","D4","CX","0.1","p4","T96",112.583204903793,"78"
"1621","D5","VEH","2.5","p1","T0",100,"78"
"1622","D5","VEH","2.5","p1","T3",96.7268285651455,"78"
"1623","D5","VEH","2.5","p1","T24",NA,"78"
"1624","D5","VEH","2.5","p1","T48",NA,"78"
"1625","D5","VEH","2.5","p1","T96",NA,"78"
"1626","D5","VEH","2.5","p2","T0",100,"78"
"1627","D5","VEH","2.5","p2","T3",NA,"78"
"1628","D5","VEH","2.5","p2","T24",94.9062745600225,"78"
"1629","D5","VEH","2.5","p2","T48",NA,"78"
"1630","D5","VEH","2.5","p2","T96",NA,"78"
"1631","D5","VEH","2.5","p3","T0",100,"78"
"1632","D5","VEH","2.5","p3","T3",NA,"78"
"1633","D5","VEH","2.5","p3","T24",NA,"78"
"1634","D5","VEH","2.5","p3","T48",110.805828498902,"78"
"1635","D5","VEH","2.5","p3","T96",NA,"78"
"1636","D5","VEH","2.5","p4","T0",100,"78"
"1637","D5","VEH","2.5","p4","T3",NA,"78"
"1638","D5","VEH","2.5","p4","T24",NA,"78"
"1639","D5","VEH","2.5","p4","T48",NA,"78"
"1640","D5","VEH","2.5","p4","T96",132.834250331571,"78"
"1641","D6","VEH","0.5","p1","T0",100,"78"
"1642","D6","VEH","0.5","p1","T3",93.5801004055674,"78"
"1643","D6","VEH","0.5","p1","T24",NA,"78"
"1644","D6","VEH","0.5","p1","T48",NA,"78"
"1645","D6","VEH","0.5","p1","T96",NA,"78"
"1646","D6","VEH","0.5","p2","T0",100,"78"
"1647","D6","VEH","0.5","p2","T3",NA,"78"
"1648","D6","VEH","0.5","p2","T24",83.3351040778752,"78"
"1649","D6","VEH","0.5","p2","T48",NA,"78"
"1650","D6","VEH","0.5","p2","T96",NA,"78"
"1651","D6","VEH","0.5","p3","T0",100,"78"
"1652","D6","VEH","0.5","p3","T3",NA,"78"
"1653","D6","VEH","0.5","p3","T24",NA,"78"
"1654","D6","VEH","0.5","p3","T48",146.204654018466,"78"
"1655","D6","VEH","0.5","p3","T96",NA,"78"
"1656","D6","VEH","0.5","p4","T0",100,"78"
"1657","D6","VEH","0.5","p4","T3",NA,"78"
"1658","D6","VEH","0.5","p4","T24",NA,"78"
"1659","D6","VEH","0.5","p4","T48",NA,"78"
"1660","D6","VEH","0.5","p4","T96",114.351351852347,"78"
"1661","D7","VEH","0.1","p1","T0",100,"78"
"1662","D7","VEH","0.1","p1","T3",91.1940462644352,"78"
"1663","D7","VEH","0.1","p1","T24",NA,"78"
"1664","D7","VEH","0.1","p1","T48",NA,"78"
"1665","D7","VEH","0.1","p1","T96",NA,"78"
"1666","D7","VEH","0.1","p2","T0",100,"78"
"1667","D7","VEH","0.1","p2","T3",NA,"78"
"1668","D7","VEH","0.1","p2","T24",91.0990389453758,"78"
"1669","D7","VEH","0.1","p2","T48",NA,"78"
"1670","D7","VEH","0.1","p2","T96",NA,"78"
"1671","D7","VEH","0.1","p3","T0",100,"78"
"1672","D7","VEH","0.1","p3","T3",NA,"78"
"1673","D7","VEH","0.1","p3","T24",NA,"78"
"1674","D7","VEH","0.1","p3","T48",96.2931502328354,"78"
"1675","D7","VEH","0.1","p3","T96",NA,"78"
"1676","D7","VEH","0.1","p4","T0",100,"78"
"1677","D7","VEH","0.1","p4","T3",NA,"78"
"1678","D7","VEH","0.1","p4","T24",NA,"78"
"1679","D7","VEH","0.1","p4","T48",NA,"78"
"1680","D7","VEH","0.1","p4","T96",95.8686878511292,"78"
"1681","D8","DOX","2.5","p1","T0",100,"78"
"1682","D8","DOX","2.5","p1","T3",99.4853587616404,"78"
"1683","D8","DOX","2.5","p1","T24",NA,"78"
"1684","D8","DOX","2.5","p1","T48",NA,"78"
"1685","D8","DOX","2.5","p1","T96",NA,"78"
"1686","D8","DOX","2.5","p2","T0",100,"78"
"1687","D8","DOX","2.5","p2","T3",NA,"78"
"1688","D8","DOX","2.5","p2","T24",52.1466655287371,"78"
"1689","D8","DOX","2.5","p2","T48",NA,"78"
"1690","D8","DOX","2.5","p2","T96",NA,"78"
"1691","D8","DOX","2.5","p3","T0",100,"78"
"1692","D8","DOX","2.5","p3","T3",NA,"78"
"1693","D8","DOX","2.5","p3","T24",NA,"78"
"1694","D8","DOX","2.5","p3","T48",62.1469166587262,"78"
"1695","D8","DOX","2.5","p3","T96",NA,"78"
"1696","D8","DOX","2.5","p4","T0",100,"78"
"1697","D8","DOX","2.5","p4","T3",NA,"78"
"1698","D8","DOX","2.5","p4","T24",NA,"78"
"1699","D8","DOX","2.5","p4","T48",NA,"78"
"1700","D8","DOX","2.5","p4","T96",40.9215601991521,"78"
"1701","D9","DOX","0.5","p1","T0",100,"78"
"1702","D9","DOX","0.5","p1","T3",93.6291581834694,"78"
"1703","D9","DOX","0.5","p1","T24",NA,"78"
"1704","D9","DOX","0.5","p1","T48",NA,"78"
"1705","D9","DOX","0.5","p1","T96",NA,"78"
"1706","D9","DOX","0.5","p2","T0",100,"78"
"1707","D9","DOX","0.5","p2","T3",NA,"78"
"1708","D9","DOX","0.5","p2","T24",74.6411893551276,"78"
"1709","D9","DOX","0.5","p2","T48",NA,"78"
"1710","D9","DOX","0.5","p2","T96",NA,"78"
"1711","D9","DOX","0.5","p3","T0",100,"78"
"1712","D9","DOX","0.5","p3","T3",NA,"78"
"1713","D9","DOX","0.5","p3","T24",NA,"78"
"1714","D9","DOX","0.5","p3","T48",69.6952876047396,"78"
"1715","D9","DOX","0.5","p3","T96",NA,"78"
"1716","D9","DOX","0.5","p4","T0",100,"78"
"1717","D9","DOX","0.5","p4","T3",NA,"78"
"1718","D9","DOX","0.5","p4","T24",NA,"78"
"1719","D9","DOX","0.5","p4","T48",NA,"78"
"1720","D9","DOX","0.5","p4","T96",42.3862593246306,"78"
"1721","D10","DOX","0.1","p1","T0",100,"78"
"1722","D10","DOX","0.1","p1","T3",139.69935292355,"78"
"1723","D10","DOX","0.1","p1","T24",NA,"78"
"1724","D10","DOX","0.1","p1","T48",NA,"78"
"1725","D10","DOX","0.1","p1","T96",NA,"78"
"1726","D10","DOX","0.1","p2","T0",100,"78"
"1727","D10","DOX","0.1","p2","T3",NA,"78"
"1728","D10","DOX","0.1","p2","T24",115.487189972577,"78"
"1729","D10","DOX","0.1","p2","T48",NA,"78"
"1730","D10","DOX","0.1","p2","T96",NA,"78"
"1731","D10","DOX","0.1","p3","T0",100,"78"
"1732","D10","DOX","0.1","p3","T3",NA,"78"
"1733","D10","DOX","0.1","p3","T24",NA,"78"
"1734","D10","DOX","0.1","p3","T48",123.072130272531,"78"
"1735","D10","DOX","0.1","p3","T96",NA,"78"
"1736","D10","DOX","0.1","p4","T0",100,"78"
"1737","D10","DOX","0.1","p4","T3",NA,"78"
"1738","D10","DOX","0.1","p4","T24",NA,"78"
"1739","D10","DOX","0.1","p4","T48",NA,"78"
"1740","D10","DOX","0.1","p4","T96",120.312965922495,"78"
"1741","D11","untx","0","p1","T0",100,"78"
"1742","D11","untx","0","p1","T3",92.6829406163932,"78"
"1743","D11","untx","0","p1","T24",NA,"78"
"1744","D11","untx","0","p1","T48",NA,"78"
"1745","D11","untx","0","p1","T96",NA,"78"
"1746","D11","untx","0","p2","T0",100,"78"
"1747","D11","untx","0","p2","T3",NA,"78"
"1748","D11","untx","0","p2","T24",110.103241750828,"78"
"1749","D11","untx","0","p2","T48",NA,"78"
"1750","D11","untx","0","p2","T96",NA,"78"
"1751","D11","untx","0","p3","T0",100,"78"
"1752","D11","untx","0","p3","T3",NA,"78"
"1753","D11","untx","0","p3","T24",NA,"78"
"1754","D11","untx","0","p3","T48",99.6069601081098,"78"
"1755","D11","untx","0","p3","T96",NA,"78"
"1756","D11","untx","0","p4","T0",100,"78"
"1757","D11","untx","0","p4","T3",NA,"78"
"1758","D11","untx","0","p4","T24",NA,"78"
"1759","D11","untx","0","p4","T48",NA,"78"
"1760","D11","untx","0","p4","T96",110.188383231893,"78"
"1761","E2","CX","2.5","p1","T0",100,"78"
"1762","E2","CX","2.5","p1","T3",84.2907040034234,"78"
"1763","E2","CX","2.5","p1","T24",NA,"78"
"1764","E2","CX","2.5","p1","T48",NA,"78"
"1765","E2","CX","2.5","p1","T96",NA,"78"
"1766","E2","CX","2.5","p2","T0",100,"78"
"1767","E2","CX","2.5","p2","T3",NA,"78"
"1768","E2","CX","2.5","p2","T24",84.4133764489188,"78"
"1769","E2","CX","2.5","p2","T48",NA,"78"
"1770","E2","CX","2.5","p2","T96",NA,"78"
"1771","E2","CX","2.5","p3","T0",100,"78"
"1772","E2","CX","2.5","p3","T3",NA,"78"
"1773","E2","CX","2.5","p3","T24",NA,"78"
"1774","E2","CX","2.5","p3","T48",77.3831129790037,"78"
"1775","E2","CX","2.5","p3","T96",NA,"78"
"1776","E2","CX","2.5","p4","T0",100,"78"
"1777","E2","CX","2.5","p4","T3",NA,"78"
"1778","E2","CX","2.5","p4","T24",NA,"78"
"1779","E2","CX","2.5","p4","T48",NA,"78"
"1780","E2","CX","2.5","p4","T96",107.180129621182,"78"
"1781","E3","CX","0.5","p1","T0",100,"78"
"1782","E3","CX","0.5","p1","T3",89.5227600631312,"78"
"1783","E3","CX","0.5","p1","T24",NA,"78"
"1784","E3","CX","0.5","p1","T48",NA,"78"
"1785","E3","CX","0.5","p1","T96",NA,"78"
"1786","E3","CX","0.5","p2","T0",100,"78"
"1787","E3","CX","0.5","p2","T3",NA,"78"
"1788","E3","CX","0.5","p2","T24",82.6834212147791,"78"
"1789","E3","CX","0.5","p2","T48",NA,"78"
"1790","E3","CX","0.5","p2","T96",NA,"78"
"1791","E3","CX","0.5","p3","T0",100,"78"
"1792","E3","CX","0.5","p3","T3",NA,"78"
"1793","E3","CX","0.5","p3","T24",NA,"78"
"1794","E3","CX","0.5","p3","T48",86.6652567489835,"78"
"1795","E3","CX","0.5","p3","T96",NA,"78"
"1796","E3","CX","0.5","p4","T0",100,"78"
"1797","E3","CX","0.5","p4","T3",NA,"78"
"1798","E3","CX","0.5","p4","T24",NA,"78"
"1799","E3","CX","0.5","p4","T48",NA,"78"
"1800","E3","CX","0.5","p4","T96",99.2535554373906,"78"
"1801","E4","CX","0.1","p1","T0",100,"78"
"1802","E4","CX","0.1","p1","T3",79.5570011973145,"78"
"1803","E4","CX","0.1","p1","T24",NA,"78"
"1804","E4","CX","0.1","p1","T48",NA,"78"
"1805","E4","CX","0.1","p1","T96",NA,"78"
"1806","E4","CX","0.1","p2","T0",100,"78"
"1807","E4","CX","0.1","p2","T3",NA,"78"
"1808","E4","CX","0.1","p2","T24",80.4421320415188,"78"
"1809","E4","CX","0.1","p2","T48",NA,"78"
"1810","E4","CX","0.1","p2","T96",NA,"78"
"1811","E4","CX","0.1","p3","T0",100,"78"
"1812","E4","CX","0.1","p3","T3",NA,"78"
"1813","E4","CX","0.1","p3","T24",NA,"78"
"1814","E4","CX","0.1","p3","T48",82.1282922318401,"78"
"1815","E4","CX","0.1","p3","T96",NA,"78"
"1816","E4","CX","0.1","p4","T0",100,"78"
"1817","E4","CX","0.1","p4","T3",NA,"78"
"1818","E4","CX","0.1","p4","T24",NA,"78"
"1819","E4","CX","0.1","p4","T48",NA,"78"
"1820","E4","CX","0.1","p4","T96",111.69547616317,"78"
"1821","E5","VEH","2.5","p1","T0",100,"78"
"1822","E5","VEH","2.5","p1","T3",88.2424764422111,"78"
"1823","E5","VEH","2.5","p1","T24",NA,"78"
"1824","E5","VEH","2.5","p1","T48",NA,"78"
"1825","E5","VEH","2.5","p1","T96",NA,"78"
"1826","E5","VEH","2.5","p2","T0",100,"78"
"1827","E5","VEH","2.5","p2","T3",NA,"78"
"1828","E5","VEH","2.5","p2","T24",89.9464931462115,"78"
"1829","E5","VEH","2.5","p2","T48",NA,"78"
"1830","E5","VEH","2.5","p2","T96",NA,"78"
"1831","E5","VEH","2.5","p3","T0",100,"78"
"1832","E5","VEH","2.5","p3","T3",NA,"78"
"1833","E5","VEH","2.5","p3","T24",NA,"78"
"1834","E5","VEH","2.5","p3","T48",96.4536596562616,"78"
"1835","E5","VEH","2.5","p3","T96",NA,"78"
"1836","E5","VEH","2.5","p4","T0",100,"78"
"1837","E5","VEH","2.5","p4","T3",NA,"78"
"1838","E5","VEH","2.5","p4","T24",NA,"78"
"1839","E5","VEH","2.5","p4","T48",NA,"78"
"1840","E5","VEH","2.5","p4","T96",103.488150176373,"78"
"1841","E6","VEH","0.5","p1","T0",100,"78"
"1842","E6","VEH","0.5","p1","T3",88.1654823265316,"78"
"1843","E6","VEH","0.5","p1","T24",NA,"78"
"1844","E6","VEH","0.5","p1","T48",NA,"78"
"1845","E6","VEH","0.5","p1","T96",NA,"78"
"1846","E6","VEH","0.5","p2","T0",100,"78"
"1847","E6","VEH","0.5","p2","T3",NA,"78"
"1848","E6","VEH","0.5","p2","T24",85.9288910378952,"78"
"1849","E6","VEH","0.5","p2","T48",NA,"78"
"1850","E6","VEH","0.5","p2","T96",NA,"78"
"1851","E6","VEH","0.5","p3","T0",100,"78"
"1852","E6","VEH","0.5","p3","T3",NA,"78"
"1853","E6","VEH","0.5","p3","T24",NA,"78"
"1854","E6","VEH","0.5","p3","T48",120.959932083311,"78"
"1855","E6","VEH","0.5","p3","T96",NA,"78"
"1856","E6","VEH","0.5","p4","T0",100,"78"
"1857","E6","VEH","0.5","p4","T3",NA,"78"
"1858","E6","VEH","0.5","p4","T24",NA,"78"
"1859","E6","VEH","0.5","p4","T48",NA,"78"
"1860","E6","VEH","0.5","p4","T96",106.401401951468,"78"
"1861","E7","VEH","0.1","p1","T0",100,"78"
"1862","E7","VEH","0.1","p1","T3",90.2144257330919,"78"
"1863","E7","VEH","0.1","p1","T24",NA,"78"
"1864","E7","VEH","0.1","p1","T48",NA,"78"
"1865","E7","VEH","0.1","p1","T96",NA,"78"
"1866","E7","VEH","0.1","p2","T0",100,"78"
"1867","E7","VEH","0.1","p2","T3",NA,"78"
"1868","E7","VEH","0.1","p2","T24",105.202285562149,"78"
"1869","E7","VEH","0.1","p2","T48",NA,"78"
"1870","E7","VEH","0.1","p2","T96",NA,"78"
"1871","E7","VEH","0.1","p3","T0",100,"78"
"1872","E7","VEH","0.1","p3","T3",NA,"78"
"1873","E7","VEH","0.1","p3","T24",NA,"78"
"1874","E7","VEH","0.1","p3","T48",86.5227380259112,"78"
"1875","E7","VEH","0.1","p3","T96",NA,"78"
"1876","E7","VEH","0.1","p4","T0",100,"78"
"1877","E7","VEH","0.1","p4","T3",NA,"78"
"1878","E7","VEH","0.1","p4","T24",NA,"78"
"1879","E7","VEH","0.1","p4","T48",NA,"78"
"1880","E7","VEH","0.1","p4","T96",122.450529878953,"78"
"1881","E8","DOX","2.5","p1","T0",100,"78"
"1882","E8","DOX","2.5","p1","T3",87.4048134570334,"78"
"1883","E8","DOX","2.5","p1","T24",NA,"78"
"1884","E8","DOX","2.5","p1","T48",NA,"78"
"1885","E8","DOX","2.5","p1","T96",NA,"78"
"1886","E8","DOX","2.5","p2","T0",100,"78"
"1887","E8","DOX","2.5","p2","T3",NA,"78"
"1888","E8","DOX","2.5","p2","T24",61.6116678902387,"78"
"1889","E8","DOX","2.5","p2","T48",NA,"78"
"1890","E8","DOX","2.5","p2","T96",NA,"78"
"1891","E8","DOX","2.5","p3","T0",100,"78"
"1892","E8","DOX","2.5","p3","T3",NA,"78"
"1893","E8","DOX","2.5","p3","T24",NA,"78"
"1894","E8","DOX","2.5","p3","T48",53.006315702156,"78"
"1895","E8","DOX","2.5","p3","T96",NA,"78"
"1896","E8","DOX","2.5","p4","T0",100,"78"
"1897","E8","DOX","2.5","p4","T3",NA,"78"
"1898","E8","DOX","2.5","p4","T24",NA,"78"
"1899","E8","DOX","2.5","p4","T48",NA,"78"
"1900","E8","DOX","2.5","p4","T96",40.4678587206975,"78"
"1901","E9","DOX","0.5","p1","T0",100,"78"
"1902","E9","DOX","0.5","p1","T3",91.350783107071,"78"
"1903","E9","DOX","0.5","p1","T24",NA,"78"
"1904","E9","DOX","0.5","p1","T48",NA,"78"
"1905","E9","DOX","0.5","p1","T96",NA,"78"
"1906","E9","DOX","0.5","p2","T0",100,"78"
"1907","E9","DOX","0.5","p2","T3",NA,"78"
"1908","E9","DOX","0.5","p2","T24",71.0503183578966,"78"
"1909","E9","DOX","0.5","p2","T48",NA,"78"
"1910","E9","DOX","0.5","p2","T96",NA,"78"
"1911","E9","DOX","0.5","p3","T0",100,"78"
"1912","E9","DOX","0.5","p3","T3",NA,"78"
"1913","E9","DOX","0.5","p3","T24",NA,"78"
"1914","E9","DOX","0.5","p3","T48",78.5878810253968,"78"
"1915","E9","DOX","0.5","p3","T96",NA,"78"
"1916","E9","DOX","0.5","p4","T0",100,"78"
"1917","E9","DOX","0.5","p4","T3",NA,"78"
"1918","E9","DOX","0.5","p4","T24",NA,"78"
"1919","E9","DOX","0.5","p4","T48",NA,"78"
"1920","E9","DOX","0.5","p4","T96",37.1638386203841,"78"
"1921","E10","DOX","0.1","p1","T0",100,"78"
"1922","E10","DOX","0.1","p1","T3",97.3605943854067,"78"
"1923","E10","DOX","0.1","p1","T24",NA,"78"
"1924","E10","DOX","0.1","p1","T48",NA,"78"
"1925","E10","DOX","0.1","p1","T96",NA,"78"
"1926","E10","DOX","0.1","p2","T0",100,"78"
"1927","E10","DOX","0.1","p2","T3",NA,"78"
"1928","E10","DOX","0.1","p2","T24",92.1636501215221,"78"
"1929","E10","DOX","0.1","p2","T48",NA,"78"
"1930","E10","DOX","0.1","p2","T96",NA,"78"
"1931","E10","DOX","0.1","p3","T0",100,"78"
"1932","E10","DOX","0.1","p3","T3",NA,"78"
"1933","E10","DOX","0.1","p3","T24",NA,"78"
"1934","E10","DOX","0.1","p3","T48",74.9507194426145,"78"
"1935","E10","DOX","0.1","p3","T96",NA,"78"
"1936","E10","DOX","0.1","p4","T0",100,"78"
"1937","E10","DOX","0.1","p4","T3",NA,"78"
"1938","E10","DOX","0.1","p4","T24",NA,"78"
"1939","E10","DOX","0.1","p4","T48",NA,"78"
"1940","E10","DOX","0.1","p4","T96",122.893639904737,"78"
"1941","E11","untx","0","p1","T0",100,"78"
"1942","E11","untx","0","p1","T3",103.938597684156,"78"
"1943","E11","untx","0","p1","T24",NA,"78"
"1944","E11","untx","0","p1","T48",NA,"78"
"1945","E11","untx","0","p1","T96",NA,"78"
"1946","E11","untx","0","p2","T0",100,"78"
"1947","E11","untx","0","p2","T3",NA,"78"
"1948","E11","untx","0","p2","T24",91.0679141867305,"78"
"1949","E11","untx","0","p2","T48",NA,"78"
"1950","E11","untx","0","p2","T96",NA,"78"
"1951","E11","untx","0","p3","T0",100,"78"
"1952","E11","untx","0","p3","T3",NA,"78"
"1953","E11","untx","0","p3","T24",NA,"78"
"1954","E11","untx","0","p3","T48",104.699644299907,"78"
"1955","E11","untx","0","p3","T96",NA,"78"
"1956","E11","untx","0","p4","T0",100,"78"
"1957","E11","untx","0","p4","T3",NA,"78"
"1958","E11","untx","0","p4","T24",NA,"78"
"1959","E11","untx","0","p4","T48",NA,"78"
"1960","E11","untx","0","p4","T96",91.7821884931275,"78"
